Unity Editor version:    6000.4.2f1 (7a4c1aeef971)
Branch:                  6000.4/staging
Build type:              Release
Batch mode:              YES
System name:             Linux
Distro version:          #1 SMP PREEMPT_DYNAMIC Sun Apr 26 13:43:44 CEST 2026
Kernel version:          7.0.0-gentoo-gentoo-dist
Architecture:            x86_64
Window Protocol:         Wayland (XWayland)
Available memory:        55420 MB
Date:                    2026-04-28T06:40:33Z
[Licensing::Module] Trying to connect to existing licensing client channel...
[Licensing::IpcConnector] Successfully connected to: "LicenseClient-gustaw" at "2026-04-28T06:40:33.128537Z"
[SignatureVerifier] Application signature verification not supported on this platform.
[Licensing::Client] Error: HandshakeResponse reported an error:
	ResponseCode: 505
	ResponseStatus: Unsupported protocol version '1.18.1'.
[Licensing::Module] Error: Failed to handshake to channel: "LicenseClient-gustaw"
[Licensing::IpcConnector] LicenseClient-gustaw channel disconnected successfully.
[Licensing::IpcConnector] Successfully connected to: "LicenseClient-gustaw-6000.4.2" at "2026-04-28T06:40:33.130441Z"
[SignatureVerifier] Application signature verification not supported on this platform.
[Licensing::Client] Handshaking with LicensingClient:
  Version:                 1.18.1+9fbee8e
  Session Id:              4e15d88c182a4db2951b412da08787b4
  Correlation Id:          3a3032559725bcc93e241514d90178dc
  External correlation Id: 8792613396903090749
  Machine Id:              WIxRl4E74CF3msRA6c99kbr+Ug8=
[Licensing::Module] Successfully connected to LicensingClient on channel: "LicenseClient-gustaw-6000.4.2" (connect: 0.00s, validation: 0.00s, handshake: 0.00s)
[Licensing::IpcConnector] Successfully connected to: "LicenseClient-gustaw-6000.4.2-notifications" at "2026-04-28T06:40:33.133393Z"
[Licensing::Module] Licensing Background thread has ended after 0.00s
Selected window backend: (null) 
Desktop is 2560 x 1600 @ 60 Hz
Initialize udev device monitor.

COMMAND LINE ARGUMENTS:
Unity
-adb2
-batchMode
-noUpm
-name
AssetImportWorker1
-projectPath
/home/gustaw/My project
-logFile
Logs/AssetImportWorker1.log
-srvPort
40463
-licensingIpc
LicenseClient-gustaw
-force-vulkan
-job-worker-count
11
-background-job-worker-count
8
-gc-helper-count
1
Successfully changed project path to: /home/gustaw/My project
/home/gustaw/My project
[UnityMemory] Configuration Parameters - Can be set up in boot.config
    "memorysetup-temp-allocator-size-gi-baking-worker=262144"
    "memorysetup-temp-allocator-size-gi-baking-worker=262144"
    "memorysetup-temp-allocator-size-gi-baking-worker=262144"
    "memorysetup-temp-allocator-size-gi-baking-worker=262144"
    "memorysetup-temp-allocator-size-gi-baking-worker=262144"
    "memorysetup-temp-allocator-size-nav-mesh-worker=65536"
    "memorysetup-temp-allocator-size-audio-worker=65536"
    "memorysetup-temp-allocator-size-cloud-worker=32768"
    "memorysetup-allocator-temp-initial-block-size-main=262144"
    "memorysetup-allocator-temp-initial-block-size-worker=262144"
    "memorysetup-temp-allocator-size-background-worker=32768"
    "memorysetup-temp-allocator-size-job-worker=262144"
    "memorysetup-temp-allocator-size-preload-manager=33554432"
    "memorysetup-temp-allocator-size-gfx=262144"
    "memorysetup-bucket-allocator-granularity=16"
    "memorysetup-bucket-allocator-bucket-count=8"
    "memorysetup-bucket-allocator-block-size=33554432"
    "memorysetup-bucket-allocator-block-count=8"
    "memorysetup-main-allocator-block-size=16777216"
    "memorysetup-thread-allocator-block-size=16777216"
    "memorysetup-gfx-main-allocator-block-size=16777216"
    "memorysetup-gfx-thread-allocator-block-size=16777216"
    "memorysetup-cache-allocator-block-size=4194304"
    "memorysetup-typetree-allocator-block-size=2097152"
    "memorysetup-profiler-bucket-allocator-granularity=16"
    "memorysetup-profiler-bucket-allocator-bucket-count=8"
    "memorysetup-profiler-bucket-allocator-block-size=33554432"
    "memorysetup-profiler-bucket-allocator-block-count=8"
    "memorysetup-profiler-allocator-block-size=16777216"
    "memorysetup-profiler-editor-allocator-block-size=1048576"
    "memorysetup-temp-allocator-size-main=16777216"
    "memorysetup-job-temp-allocator-block-size=2097152"
    "memorysetup-job-temp-allocator-block-size-background=1048576"
    "memorysetup-job-temp-allocator-reduction-small-platforms=262144"
Player connection [140374698462080]  Target information:

Player connection [140374698462080]  * "[IP] 192.168.2.100 [Port] 0 [Flags] 2 [Guid] 3945825404 [EditorId] 3945825404 [Version] 1048832 [Id] LinuxEditor(16,192.168.2.100) [Debug] 1 [PackageName] LinuxEditor [ProjectName] Editor" 

Player connection [140374698462080]  * "[IP] 100.68.228.18 [Port] 0 [Flags] 2 [Guid] 3945825404 [EditorId] 3945825404 [Version] 1048832 [Id] LinuxEditor(16,192.168.2.100) [Debug] 1 [PackageName] LinuxEditor [ProjectName] Editor" 

Player connection [140374698462080] Host joined multi-casting on [225.0.0.222:54997]...
Player connection [140374698462080] Host joined alternative multi-casting on [225.0.0.222:34997]...
JobSystem: Creating JobQueue using job-worker-count value 11
Input System module state changed to: Initialized.
[Physics::Module] Initialized fallback backend.
[Physics::Module] Id: 0xdecafbad
Library Redirect Path: Library/
[Physics::Module] Selected backend.
[Physics::Module] Name: PhysX
[Physics::Module] Id: 0xf2b8ea05
[Physics::Module] SDK Version: 4.1.2
[Physics::Module] Integration Version: 1.0.0
[Physics::Module] Threading Mode: Multi-Threaded
Initialize engine version: 6000.4.2f1 (7a4c1aeef971)
[Subsystems] Discovering subsystems at path /home/gustaw/Unity/Hub/Editor/6000.4.2f1/Editor/Data/Resources/UnitySubsystems
[Subsystems] Discovering subsystems at path /home/gustaw/My project/Assets
Forcing GfxDevice: Vulkan
GfxDevice: creating device client; kGfxThreadingModeThreaded
[vulkan] LoadVulkanLibrary libvulkan.so.1[vulkan] Loaded instance function vkGetInstanceProcAddr
[vulkan] Loaded instance function vkGetInstanceProcAddr
[vulkan] Loaded instance function vkCreateInstance
[vulkan] Loaded instance function vkEnumerateInstanceExtensionProperties
[vulkan] Loaded instance function vkEnumerateInstanceLayerProperties
[vulkan] Loaded instance function vkEnumerateInstanceVersion
[Vulkan init] extensions: count=27
[Vulkan init] extensions: name=VK_EXT_acquire_drm_display [enabled=0, external=0]
[Vulkan init] extensions: name=VK_EXT_acquire_xlib_display [enabled=0, external=0]
[Vulkan init] extensions: name=VK_EXT_debug_report [enabled=0, external=0]
[Vulkan init] extensions: name=VK_EXT_debug_utils [enabled=1, external=0]
[Vulkan init] extensions: name=VK_EXT_direct_mode_display [enabled=0, external=0]
[Vulkan init] extensions: name=VK_EXT_display_surface_counter [enabled=0, external=0]
[Vulkan init] extensions: name=VK_EXT_headless_surface [enabled=0, external=0]
[Vulkan init] extensions: name=VK_EXT_layer_settings [enabled=0, external=0]
[Vulkan init] extensions: name=VK_EXT_surface_maintenance1 [enabled=0, external=0]
[Vulkan init] extensions: name=VK_EXT_swapchain_colorspace [enabled=1, external=0]
[Vulkan init] extensions: name=VK_KHR_device_group_creation [enabled=0, external=0]
[Vulkan init] extensions: name=VK_KHR_display [enabled=1, external=0]
[Vulkan init] extensions: name=VK_KHR_external_fence_capabilities [enabled=1, external=0]
[Vulkan init] extensions: name=VK_KHR_external_memory_capabilities [enabled=1, external=0]
[Vulkan init] extensions: name=VK_KHR_external_semaphore_capabilities [enabled=1, external=0]
[Vulkan init] extensions: name=VK_KHR_get_display_properties2 [enabled=0, external=0]
[Vulkan init] extensions: name=VK_KHR_get_physical_device_properties2 [enabled=1, external=0]
[Vulkan init] extensions: name=VK_KHR_get_surface_capabilities2 [enabled=0, external=0]
[Vulkan init] extensions: name=VK_KHR_portability_enumeration [enabled=0, external=0]
[Vulkan init] extensions: name=VK_KHR_surface [enabled=1, external=0]
[Vulkan init] extensions: name=VK_KHR_surface_maintenance1 [enabled=0, external=0]
[Vulkan init] extensions: name=VK_KHR_surface_protected_capabilities [enabled=0, external=0]
[Vulkan init] extensions: name=VK_KHR_wayland_surface [enabled=1, external=0]
[Vulkan init] extensions: name=VK_KHR_xcb_surface [enabled=0, external=0]
[Vulkan init] extensions: name=VK_KHR_xlib_surface [enabled=1, external=0]
[Vulkan init] extensions: name=VK_LUNARG_direct_driver_loading [enabled=0, external=0]
[Vulkan init] extensions: name=VK_NV_display_stereo [enabled=0, external=0]
[vulkan] Loaded instance function vkDestroyInstance
[vulkan] Loaded instance function vkGetPhysicalDeviceProperties
[vulkan] Loaded instance function vkEnumeratePhysicalDevices
[Vulkan init] SelectPhysicalDevice requestedDeviceIndex=-1 xrDevice=(nil)
[Vulkan init] Physical Device 0x55bf3e6cdc00 [0]: "NVIDIA GeForce RTX 5060 Laptop GPU" deviceType=2 vendorID=10de deviceID=2d19
[Vulkan init] Physical Device 0x55bf3e6cdc30 [1]: "AMD Radeon 890M Graphics (RADV STRIX1)" deviceType=1 vendorID=1002 deviceID=150e
Vulkan detection: 2
[Vulkan init] extensions: count=27
[Vulkan init] extensions: name=VK_EXT_acquire_drm_display [enabled=0, external=0]
[Vulkan init] extensions: name=VK_EXT_acquire_xlib_display [enabled=0, external=0]
[Vulkan init] extensions: name=VK_EXT_debug_report [enabled=0, external=0]
[Vulkan init] extensions: name=VK_EXT_debug_utils [enabled=1, external=0]
[Vulkan init] extensions: name=VK_EXT_direct_mode_display [enabled=0, external=0]
[Vulkan init] extensions: name=VK_EXT_display_surface_counter [enabled=0, external=0]
[Vulkan init] extensions: name=VK_EXT_headless_surface [enabled=0, external=0]
[Vulkan init] extensions: name=VK_EXT_layer_settings [enabled=0, external=0]
[Vulkan init] extensions: name=VK_EXT_surface_maintenance1 [enabled=0, external=0]
[Vulkan init] extensions: name=VK_EXT_swapchain_colorspace [enabled=1, external=0]
[Vulkan init] extensions: name=VK_KHR_device_group_creation [enabled=0, external=0]
[Vulkan init] extensions: name=VK_KHR_display [enabled=1, external=0]
[Vulkan init] extensions: name=VK_KHR_external_fence_capabilities [enabled=1, external=0]
[Vulkan init] extensions: name=VK_KHR_external_memory_capabilities [enabled=1, external=0]
[Vulkan init] extensions: name=VK_KHR_external_semaphore_capabilities [enabled=1, external=0]
[Vulkan init] extensions: name=VK_KHR_get_display_properties2 [enabled=0, external=0]
[Vulkan init] extensions: name=VK_KHR_get_physical_device_properties2 [enabled=1, external=0]
[Vulkan init] extensions: name=VK_KHR_get_surface_capabilities2 [enabled=0, external=0]
[Vulkan init] extensions: name=VK_KHR_portability_enumeration [enabled=0, external=0]
[Vulkan init] extensions: name=VK_KHR_surface [enabled=1, external=0]
[Vulkan init] extensions: name=VK_KHR_surface_maintenance1 [enabled=0, external=0]
[Vulkan init] extensions: name=VK_KHR_surface_protected_capabilities [enabled=0, external=0]
[Vulkan init] extensions: name=VK_KHR_wayland_surface [enabled=1, external=0]
[Vulkan init] extensions: name=VK_KHR_xcb_surface [enabled=0, external=0]
[Vulkan init] extensions: name=VK_KHR_xlib_surface [enabled=1, external=0]
[Vulkan init] extensions: name=VK_LUNARG_direct_driver_loading [enabled=0, external=0]
[Vulkan init] extensions: name=VK_NV_display_stereo [enabled=0, external=0]
[vulkan] Loaded instance function vkDestroyInstance
[vulkan] Loaded instance function vkGetPhysicalDeviceProperties
[vulkan] Loaded instance function vkEnumeratePhysicalDevices
[vulkan] Loaded instance function vkGetDeviceProcAddr
[vulkan] Loaded instance function vkGetPhysicalDeviceFeatures
[vulkan] Loaded instance function vkGetPhysicalDeviceFormatProperties
[vulkan] Loaded instance function vkGetPhysicalDeviceImageFormatProperties
[vulkan] Loaded instance function vkGetPhysicalDeviceQueueFamilyProperties
[vulkan] Loaded instance function vkGetPhysicalDeviceMemoryProperties
[vulkan] Loaded instance function vkCreateDevice
[vulkan] Loaded instance function vkEnumerateDeviceExtensionProperties
[vulkan] Loaded instance function vkEnumerateDeviceLayerProperties
[vulkan] Loaded instance function vkGetPhysicalDeviceSparseImageFormatProperties
[vulkan] Loaded instance function vkDestroySurfaceKHR
[vulkan] Loaded instance function vkGetPhysicalDeviceSurfaceSupportKHR
[vulkan] Loaded instance function vkGetPhysicalDeviceSurfaceCapabilitiesKHR
[vulkan] Loaded instance function vkGetPhysicalDeviceSurfaceFormatsKHR
[vulkan] Loaded instance function vkGetPhysicalDeviceSurfacePresentModesKHR
[vulkan] Loaded instance function vkCreateSwapchainKHR
[vulkan] Loaded instance function vkDestroySwapchainKHR
[vulkan] Loaded instance function vkGetSwapchainImagesKHR
[vulkan] Loaded instance function vkAcquireNextImageKHR
[vulkan] Loaded instance function vkQueuePresentKHR
[vulkan] Loaded instance function vkGetPhysicalDeviceDisplayPropertiesKHR
[vulkan] Loaded instance function vkGetPhysicalDeviceDisplayPlanePropertiesKHR
[vulkan] Loaded instance function vkGetDisplayPlaneSupportedDisplaysKHR
[vulkan] Loaded instance function vkGetDisplayModePropertiesKHR
[vulkan] Loaded instance function vkCreateDisplayModeKHR
[vulkan] Loaded instance function vkGetDisplayPlaneCapabilitiesKHR
[vulkan] Loaded instance function vkCreateDisplayPlaneSurfaceKHR
[vulkan] Loaded instance function vkCreateSharedSwapchainsKHR
[vulkan] Loaded instance function vkCreateXlibSurfaceKHR
[vulkan] Loaded instance function vkGetPhysicalDeviceXlibPresentationSupportKHR
[vulkan] Loaded instance function vkSetHdrMetadataEXT
[vulkan] Loaded instance function vkGetPhysicalDeviceFeatures2KHR
[vulkan] Loaded instance function vkGetPhysicalDeviceProperties2KHR
[vulkan] Loaded instance function vkGetPhysicalDeviceFormatProperties2KHR
[vulkan] Loaded instance function vkGetPhysicalDeviceImageFormatProperties2KHR
[vulkan] Loaded instance function vkGetPhysicalDeviceQueueFamilyProperties2KHR
[vulkan] Loaded instance function vkGetPhysicalDeviceMemoryProperties2KHR
[vulkan] Loaded instance function vkGetPhysicalDeviceSparseImageFormatProperties2KHR
[vulkan] Loaded instance function vkGetSemaphoreFdKHR
[vulkan] Loaded instance function vkImportSemaphoreFdKHR
[vulkan] Loaded instance function vkGetFenceFdKHR
[vulkan] Loaded instance function vkImportFenceFdKHR
[vulkan] Loaded instance function vkCreateSamplerYcbcrConversionKHR
[vulkan] Loaded instance function vkDestroySamplerYcbcrConversionKHR
[vulkan] Loaded instance function vkBindBufferMemory2KHR
[vulkan] Loaded instance function vkBindImageMemory2KHR
[vulkan] Loaded instance function vkWaitForPresentKHR
[vulkan] Loaded instance function vkGetPhysicalDeviceExternalSemaphorePropertiesKHR
[vulkan] Loaded instance function vkGetPhysicalDeviceExternalFencePropertiesKHR
[vulkan] Loaded instance function vkGetPhysicalDeviceFragmentShadingRatesKHR
[vulkan] Loaded instance function vkSetDebugUtilsObjectNameEXT
[vulkan] Loaded instance function vkSetDebugUtilsObjectTagEXT
[vulkan] Loaded instance function vkQueueBeginDebugUtilsLabelEXT
[vulkan] Loaded instance function vkQueueEndDebugUtilsLabelEXT
[vulkan] Loaded instance function vkQueueInsertDebugUtilsLabelEXT
[vulkan] Loaded instance function vkCmdBeginDebugUtilsLabelEXT
[vulkan] Loaded instance function vkCmdEndDebugUtilsLabelEXT
[vulkan] Loaded instance function vkCmdInsertDebugUtilsLabelEXT
[Vulkan init] SelectPhysicalDevice requestedDeviceIndex=-1 xrDevice=(nil)
[Vulkan init] Physical Device 0x55bf3e6d6860 [0]: "NVIDIA GeForce RTX 5060 Laptop GPU" deviceType=2 vendorID=10de deviceID=2d19
[Vulkan init] Physical Device 0x55bf3e6d6890 [1]: "AMD Radeon 890M Graphics (RADV STRIX1)" deviceType=1 vendorID=1002 deviceID=150e
[Vulkan init] Selected physical device 0x55bf3e6d6860
[Vulkan init] Graphics queue count=1
[Vulkan init] extensions: count=276
[Vulkan init] extensions: name=VK_AMD_buffer_marker [enabled=0, external=0]
[Vulkan init] extensions: name=VK_EXT_4444_formats [enabled=1, external=0]
[Vulkan init] extensions: name=VK_EXT_attachment_feedback_loop_dynamic_state [enabled=0, external=0]
[Vulkan init] extensions: name=VK_EXT_attachment_feedback_loop_layout [enabled=0, external=0]
[Vulkan init] extensions: name=VK_EXT_blend_operation_advanced [enabled=0, external=0]
[Vulkan init] extensions: name=VK_EXT_border_color_swizzle [enabled=0, external=0]
[Vulkan init] extensions: name=VK_EXT_buffer_device_address [enabled=0, external=0]
[Vulkan init] extensions: name=VK_EXT_calibrated_timestamps [enabled=0, external=0]
[Vulkan init] extensions: name=VK_EXT_color_write_enable [enabled=0, external=0]
[Vulkan init] extensions: name=VK_EXT_conditional_rendering [enabled=0, external=0]
[Vulkan init] extensions: name=VK_EXT_conservative_rasterization [enabled=1, external=0]
[Vulkan init] extensions: name=VK_EXT_custom_border_color [enabled=0, external=0]
[Vulkan init] extensions: name=VK_EXT_custom_resolve [enabled=0, external=0]
[Vulkan init] extensions: name=VK_EXT_depth_bias_control [enabled=0, external=0]
[Vulkan init] extensions: name=VK_EXT_depth_clamp_control [enabled=0, external=0]
[Vulkan init] extensions: name=VK_EXT_depth_clamp_zero_one [enabled=0, external=0]
[Vulkan init] extensions: name=VK_EXT_depth_clip_control [enabled=0, external=0]
[Vulkan init] extensions: name=VK_EXT_depth_clip_enable [enabled=0, external=0]
[Vulkan init] extensions: name=VK_EXT_depth_range_unrestricted [enabled=0, external=0]
[Vulkan init] extensions: name=VK_EXT_descriptor_buffer [enabled=0, external=0]
[Vulkan init] extensions: name=VK_EXT_descriptor_heap [enabled=0, external=0]
[Vulkan init] extensions: name=VK_EXT_descriptor_indexing [enabled=0, external=0]
[Vulkan init] extensions: name=VK_EXT_device_address_binding_report [enabled=0, external=0]
[Vulkan init] extensions: name=VK_EXT_device_fault [enabled=0, external=0]
[Vulkan init] extensions: name=VK_EXT_device_generated_commands [enabled=0, external=0]
[Vulkan init] extensions: name=VK_EXT_discard_rectangles [enabled=0, external=0]
[Vulkan init] extensions: name=VK_EXT_display_control [enabled=0, external=0]
[Vulkan init] extensions: name=VK_EXT_dynamic_rendering_unused_attachments [enabled=0, external=0]
[Vulkan init] extensions: name=VK_EXT_extended_dynamic_state [enabled=0, external=0]
[Vulkan init] extensions: name=VK_EXT_extended_dynamic_state2 [enabled=0, external=0]
[Vulkan init] extensions: name=VK_EXT_extended_dynamic_state3 [enabled=0, external=0]
[Vulkan init] extensions: name=VK_EXT_external_memory_dma_buf [enabled=0, external=0]
[Vulkan init] extensions: name=VK_EXT_external_memory_host [enabled=1, external=0]
[Vulkan init] extensions: name=VK_EXT_fragment_shader_interlock [enabled=0, external=0]
[Vulkan init] extensions: name=VK_EXT_global_priority [enabled=0, external=0]
[Vulkan init] extensions: name=VK_EXT_global_priority_query [enabled=0, external=0]
[Vulkan init] extensions: name=VK_EXT_graphics_pipeline_library [enabled=0, external=0]
[Vulkan init] extensions: name=VK_EXT_hdr_metadata [enabled=1, external=0]
[Vulkan init] extensions: name=VK_EXT_host_image_copy [enabled=0, external=0]
[Vulkan init] extensions: name=VK_EXT_host_query_reset [enabled=0, external=0]
[Vulkan init] extensions: name=VK_EXT_image_2d_view_of_3d [enabled=0, external=0]
[Vulkan init] extensions: name=VK_EXT_image_drm_format_modifier [enabled=0, external=0]
[Vulkan init] extensions: name=VK_EXT_image_robustness [enabled=0, external=0]
[Vulkan init] extensions: name=VK_EXT_image_sliced_view_of_3d [enabled=0, external=0]
[Vulkan init] extensions: name=VK_EXT_image_view_min_lod [enabled=0, external=0]
[Vulkan init] extensions: name=VK_EXT_index_type_uint8 [enabled=0, external=0]
[Vulkan init] extensions: name=VK_EXT_inline_uniform_block [enabled=0, external=0]
[Vulkan init] extensions: name=VK_EXT_legacy_vertex_attributes [enabled=0, external=0]
[Vulkan init] extensions: name=VK_EXT_line_rasterization [enabled=0, external=0]
[Vulkan init] extensions: name=VK_EXT_load_store_op_none [enabled=1, external=0]
[Vulkan init] extensions: name=VK_EXT_map_memory_placed [enabled=0, external=0]
[Vulkan init] extensions: name=VK_EXT_memory_budget [enabled=1, external=0]
[Vulkan init] extensions: name=VK_EXT_memory_decompression [enabled=0, external=0]
[Vulkan init] extensions: name=VK_EXT_memory_priority [enabled=1, external=0]
[Vulkan init] extensions: name=VK_EXT_mesh_shader [enabled=0, external=0]
[Vulkan init] extensions: name=VK_EXT_multi_draw [enabled=0, external=0]
[Vulkan init] extensions: name=VK_EXT_mutable_descriptor_type [enabled=0, external=0]
[Vulkan init] extensions: name=VK_EXT_nested_command_buffer [enabled=0, external=0]
[Vulkan init] extensions: name=VK_EXT_non_seamless_cube_map [enabled=0, external=0]
[Vulkan init] extensions: name=VK_EXT_opacity_micromap [enabled=0, external=0]
[Vulkan init] extensions: name=VK_EXT_pageable_device_local_memory [enabled=0, external=0]
[Vulkan init] extensions: name=VK_EXT_pci_bus_info [enabled=0, external=0]
[Vulkan init] extensions: name=VK_EXT_physical_device_drm [enabled=0, external=0]
[Vulkan init] extensions: name=VK_EXT_pipeline_creation_cache_control [enabled=0, external=0]
[Vulkan init] extensions: name=VK_EXT_pipeline_creation_feedback [enabled=0, external=0]
[Vulkan init] extensions: name=VK_EXT_pipeline_library_group_handles [enabled=0, external=0]
[Vulkan init] extensions: name=VK_EXT_pipeline_robustness [enabled=0, external=0]
[Vulkan init] extensions: name=VK_EXT_post_depth_coverage [enabled=0, external=0]
[Vulkan init] extensions: name=VK_EXT_present_mode_fifo_latest_ready [enabled=0, external=0]
[Vulkan init] extensions: name=VK_EXT_present_timing [enabled=0, external=0]
[Vulkan init] extensions: name=VK_EXT_primitive_topology_list_restart [enabled=0, external=0]
[Vulkan init] extensions: name=VK_EXT_primitives_generated_query [enabled=0, external=0]
[Vulkan init] extensions: name=VK_EXT_private_data [enabled=0, external=0]
[Vulkan init] extensions: name=VK_EXT_provoking_vertex [enabled=0, external=0]
[Vulkan init] extensions: name=VK_EXT_queue_family_foreign [enabled=1, external=0]
[Vulkan init] extensions: name=VK_EXT_ray_tracing_invocation_reorder [enabled=0, external=0]
[Vulkan init] extensions: name=VK_EXT_robustness2 [enabled=0, external=0]
[Vulkan init] extensions: name=VK_EXT_sample_locations [enabled=0, external=0]
[Vulkan init] extensions: name=VK_EXT_sampler_filter_minmax [enabled=0, external=0]
[Vulkan init] extensions: name=VK_EXT_scalar_block_layout [enabled=1, external=0]
[Vulkan init] extensions: name=VK_EXT_separate_stencil_usage [enabled=0, external=0]
[Vulkan init] extensions: name=VK_EXT_shader_64bit_indexing [enabled=0, external=0]
[Vulkan init] extensions: name=VK_EXT_shader_atomic_float [enabled=0, external=0]
[Vulkan init] extensions: name=VK_EXT_shader_demote_to_helper_invocation [enabled=0, external=0]
[Vulkan init] extensions: name=VK_EXT_shader_float8 [enabled=0, external=0]
[Vulkan init] extensions: name=VK_EXT_shader_image_atomic_int64 [enabled=0, external=0]
[Vulkan init] extensions: name=VK_EXT_shader_module_identifier [enabled=0, external=0]
[Vulkan init] extensions: name=VK_EXT_shader_object [enabled=0, external=0]
[Vulkan init] extensions: name=VK_EXT_shader_replicated_composites [enabled=0, external=0]
[Vulkan init] extensions: name=VK_EXT_shader_subgroup_ballot [enabled=0, external=0]
[Vulkan init] extensions: name=VK_EXT_shader_subgroup_vote [enabled=0, external=0]
[Vulkan init] extensions: name=VK_EXT_shader_uniform_buffer_unsized_array [enabled=0, external=0]
[Vulkan init] extensions: name=VK_EXT_shader_viewport_index_layer [enabled=1, external=0]
[Vulkan init] extensions: name=VK_EXT_subgroup_size_control [enabled=0, external=0]
[Vulkan init] extensions: name=VK_EXT_swapchain_maintenance1 [enabled=0, external=0]
[Vulkan init] extensions: name=VK_EXT_texel_buffer_alignment [enabled=0, external=0]
[Vulkan init] extensions: name=VK_EXT_tooling_info [enabled=0, external=0]
[Vulkan init] extensions: name=VK_EXT_transform_feedback [enabled=0, external=0]
[Vulkan init] extensions: name=VK_EXT_vertex_attribute_divisor [enabled=0, external=0]
[Vulkan init] extensions: name=VK_EXT_vertex_attribute_robustness [enabled=0, external=0]
[Vulkan init] extensions: name=VK_EXT_vertex_input_dynamic_state [enabled=1, external=0]
[Vulkan init] extensions: name=VK_EXT_ycbcr_2plane_444_formats [enabled=0, external=0]
[Vulkan init] extensions: name=VK_EXT_ycbcr_image_arrays [enabled=0, external=0]
[Vulkan init] extensions: name=VK_EXT_zero_initialize_device_memory [enabled=0, external=0]
[Vulkan init] extensions: name=VK_GOOGLE_hlsl_functionality1 [enabled=0, external=0]
[Vulkan init] extensions: name=VK_GOOGLE_user_type [enabled=0, external=0]
[Vulkan init] extensions: name=VK_KHR_16bit_storage [enabled=1, external=0]
[Vulkan init] extensions: name=VK_KHR_8bit_storage [enabled=0, external=0]
[Vulkan init] extensions: name=VK_KHR_acceleration_structure [enabled=0, external=0]
[Vulkan init] extensions: name=VK_KHR_bind_memory2 [enabled=1, external=0]
[Vulkan init] extensions: name=VK_KHR_buffer_device_address [enabled=0, external=0]
[Vulkan init] extensions: name=VK_KHR_calibrated_timestamps [enabled=0, external=0]
[Vulkan init] extensions: name=VK_KHR_compute_shader_derivatives [enabled=0, external=0]
[Vulkan init] extensions: name=VK_KHR_cooperative_matrix [enabled=0, external=0]
[Vulkan init] extensions: name=VK_KHR_copy_commands2 [enabled=0, external=0]
[Vulkan init] extensions: name=VK_KHR_copy_memory_indirect [enabled=0, external=0]
[Vulkan init] extensions: name=VK_KHR_create_renderpass2 [enabled=1, external=0]
[Vulkan init] extensions: name=VK_KHR_dedicated_allocation [enabled=1, external=0]
[Vulkan init] extensions: name=VK_KHR_deferred_host_operations [enabled=0, external=0]
[Vulkan init] extensions: name=VK_KHR_depth_clamp_zero_one [enabled=0, external=0]
[Vulkan init] extensions: name=VK_KHR_depth_stencil_resolve [enabled=1, external=0]
[Vulkan init] extensions: name=VK_KHR_descriptor_update_template [enabled=1, external=0]
[Vulkan init] extensions: name=VK_KHR_device_group [enabled=0, external=0]
[Vulkan init] extensions: name=VK_KHR_draw_indirect_count [enabled=0, external=0]
[Vulkan init] extensions: name=VK_KHR_driver_properties [enabled=1, external=0]
[Vulkan init] extensions: name=VK_KHR_dynamic_rendering [enabled=0, external=0]
[Vulkan init] extensions: name=VK_KHR_dynamic_rendering_local_read [enabled=0, external=0]
[Vulkan init] extensions: name=VK_KHR_external_fence [enabled=1, external=0]
[Vulkan init] extensions: name=VK_KHR_external_fence_fd [enabled=1, external=0]
[Vulkan init] extensions: name=VK_KHR_external_memory [enabled=1, external=0]
[Vulkan init] extensions: name=VK_KHR_external_memory_fd [enabled=1, external=0]
[Vulkan init] extensions: name=VK_KHR_external_semaphore [enabled=1, external=0]
[Vulkan init] extensions: name=VK_KHR_external_semaphore_fd [enabled=1, external=0]
[Vulkan init] extensions: name=VK_KHR_format_feature_flags2 [enabled=0, external=0]
[Vulkan init] extensions: name=VK_KHR_fragment_shader_barycentric [enabled=0, external=0]
[Vulkan init] extensions: name=VK_KHR_fragment_shading_rate [enabled=1, external=0]
[Vulkan init] extensions: name=VK_KHR_get_memory_requirements2 [enabled=1, external=0]
[Vulkan init] extensions: name=VK_KHR_global_priority [enabled=0, external=0]
[Vulkan init] extensions: name=VK_KHR_image_format_list [enabled=1, external=0]
[Vulkan init] extensions: name=VK_KHR_imageless_framebuffer [enabled=0, external=0]
[Vulkan init] extensions: name=VK_KHR_incremental_present [enabled=0, external=0]
[Vulkan init] extensions: name=VK_KHR_index_type_uint8 [enabled=0, external=0]
[Vulkan init] extensions: name=VK_KHR_line_rasterization [enabled=0, external=0]
[Vulkan init] extensions: name=VK_KHR_load_store_op_none [enabled=0, external=0]
[Vulkan init] extensions: name=VK_KHR_maintenance1 [enabled=1, external=0]
[Vulkan init] extensions: name=VK_KHR_maintenance10 [enabled=0, external=0]
[Vulkan init] extensions: name=VK_KHR_maintenance2 [enabled=1, external=0]
[Vulkan init] extensions: name=VK_KHR_maintenance3 [enabled=0, external=0]
[Vulkan init] extensions: name=VK_KHR_maintenance4 [enabled=0, external=0]
[Vulkan init] extensions: name=VK_KHR_maintenance5 [enabled=0, external=0]
[Vulkan init] extensions: name=VK_KHR_maintenance6 [enabled=0, external=0]
[Vulkan init] extensions: name=VK_KHR_maintenance7 [enabled=0, external=0]
[Vulkan init] extensions: name=VK_KHR_maintenance8 [enabled=0, external=0]
[Vulkan init] extensions: name=VK_KHR_maintenance9 [enabled=0, external=0]
[Vulkan init] extensions: name=VK_KHR_map_memory2 [enabled=0, external=0]
[Vulkan init] extensions: name=VK_KHR_multiview [enabled=1, external=0]
[Vulkan init] extensions: name=VK_KHR_pipeline_binary [enabled=0, external=0]
[Vulkan init] extensions: name=VK_KHR_pipeline_executable_properties [enabled=0, external=0]
[Vulkan init] extensions: name=VK_KHR_pipeline_library [enabled=0, external=0]
[Vulkan init] extensions: name=VK_KHR_present_id [enabled=1, external=0]
[Vulkan init] extensions: name=VK_KHR_present_id2 [enabled=0, external=0]
[Vulkan init] extensions: name=VK_KHR_present_mode_fifo_latest_ready [enabled=0, external=0]
[Vulkan init] extensions: name=VK_KHR_present_wait [enabled=1, external=0]
[Vulkan init] extensions: name=VK_KHR_present_wait2 [enabled=0, external=0]
[Vulkan init] extensions: name=VK_KHR_push_descriptor [enabled=0, external=0]
[Vulkan init] extensions: name=VK_KHR_ray_query [enabled=0, external=0]
[Vulkan init] extensions: name=VK_KHR_ray_tracing_maintenance1 [enabled=0, external=0]
[Vulkan init] extensions: name=VK_KHR_ray_tracing_pipeline [enabled=0, external=0]
[Vulkan init] extensions: name=VK_KHR_ray_tracing_position_fetch [enabled=0, external=0]
[Vulkan init] extensions: name=VK_KHR_relaxed_block_layout [enabled=0, external=0]
[Vulkan init] extensions: name=VK_KHR_robustness2 [enabled=0, external=0]
[Vulkan init] extensions: name=VK_KHR_sampler_mirror_clamp_to_edge [enabled=1, external=0]
[Vulkan init] extensions: name=VK_KHR_sampler_ycbcr_conversion [enabled=1, external=0]
[Vulkan init] extensions: name=VK_KHR_separate_depth_stencil_layouts [enabled=0, external=0]
[Vulkan init] extensions: name=VK_KHR_shader_atomic_int64 [enabled=1, external=0]
[Vulkan init] extensions: name=VK_KHR_shader_bfloat16 [enabled=0, external=0]
[Vulkan init] extensions: name=VK_KHR_shader_clock [enabled=0, external=0]
[Vulkan init] extensions: name=VK_KHR_shader_draw_parameters [enabled=0, external=0]
[Vulkan init] extensions: name=VK_KHR_shader_expect_assume [enabled=0, external=0]
[Vulkan init] extensions: name=VK_KHR_shader_float16_int8 [enabled=1, external=0]
[Vulkan init] extensions: name=VK_KHR_shader_float_controls [enabled=0, external=0]
[Vulkan init] extensions: name=VK_KHR_shader_float_controls2 [enabled=0, external=0]
[Vulkan init] extensions: name=VK_KHR_shader_fma [enabled=0, external=0]
[Vulkan init] extensions: name=VK_KHR_shader_integer_dot_product [enabled=0, external=0]
[Vulkan init] extensions: name=VK_KHR_shader_maximal_reconvergence [enabled=0, external=0]
[Vulkan init] extensions: name=VK_KHR_shader_non_semantic_info [enabled=1, external=0]
[Vulkan init] extensions: name=VK_KHR_shader_quad_control [enabled=0, external=0]
[Vulkan init] extensions: name=VK_KHR_shader_relaxed_extended_instruction [enabled=0, external=0]
[Vulkan init] extensions: name=VK_KHR_shader_subgroup_extended_types [enabled=0, external=0]
[Vulkan init] extensions: name=VK_KHR_shader_subgroup_rotate [enabled=0, external=0]
[Vulkan init] extensions: name=VK_KHR_shader_subgroup_uniform_control_flow [enabled=0, external=0]
[Vulkan init] extensions: name=VK_KHR_shader_terminate_invocation [enabled=0, external=0]
[Vulkan init] extensions: name=VK_KHR_shader_untyped_pointers [enabled=0, external=0]
[Vulkan init] extensions: name=VK_KHR_shared_presentable_image [enabled=0, external=0]
[Vulkan init] extensions: name=VK_KHR_spirv_1_4 [enabled=0, external=0]
[Vulkan init] extensions: name=VK_KHR_storage_buffer_storage_class [enabled=1, external=0]
[Vulkan init] extensions: name=VK_KHR_swapchain [enabled=1, external=0]
[Vulkan init] extensions: name=VK_KHR_swapchain_maintenance1 [enabled=0, external=0]
[Vulkan init] extensions: name=VK_KHR_swapchain_mutable_format [enabled=1, external=0]
[Vulkan init] extensions: name=VK_KHR_synchronization2 [enabled=0, external=0]
[Vulkan init] extensions: name=VK_KHR_timeline_semaphore [enabled=0, external=0]
[Vulkan init] extensions: name=VK_KHR_unified_image_layouts [enabled=0, external=0]
[Vulkan init] extensions: name=VK_KHR_uniform_buffer_standard_layout [enabled=0, external=0]
[Vulkan init] extensions: name=VK_KHR_variable_pointers [enabled=0, external=0]
[Vulkan init] extensions: name=VK_KHR_vertex_attribute_divisor [enabled=0, external=0]
[Vulkan init] extensions: name=VK_KHR_video_decode_av1 [enabled=0, external=0]
[Vulkan init] extensions: name=VK_KHR_video_decode_h264 [enabled=0, external=0]
[Vulkan init] extensions: name=VK_KHR_video_decode_h265 [enabled=0, external=0]
[Vulkan init] extensions: name=VK_KHR_video_decode_queue [enabled=0, external=0]
[Vulkan init] extensions: name=VK_KHR_video_decode_vp9 [enabled=0, external=0]
[Vulkan init] extensions: name=VK_KHR_video_encode_av1 [enabled=0, external=0]
[Vulkan init] extensions: name=VK_KHR_video_encode_h264 [enabled=0, external=0]
[Vulkan init] extensions: name=VK_KHR_video_encode_h265 [enabled=0, external=0]
[Vulkan init] extensions: name=VK_KHR_video_encode_intra_refresh [enabled=0, external=0]
[Vulkan init] extensions: name=VK_KHR_video_encode_quantization_map [enabled=0, external=0]
[Vulkan init] extensions: name=VK_KHR_video_encode_queue [enabled=0, external=0]
[Vulkan init] extensions: name=VK_KHR_video_maintenance1 [enabled=0, external=0]
[Vulkan init] extensions: name=VK_KHR_video_maintenance2 [enabled=0, external=0]
[Vulkan init] extensions: name=VK_KHR_video_queue [enabled=0, external=0]
[Vulkan init] extensions: name=VK_KHR_vulkan_memory_model [enabled=0, external=0]
[Vulkan init] extensions: name=VK_KHR_workgroup_memory_explicit_layout [enabled=0, external=0]
[Vulkan init] extensions: name=VK_KHR_zero_initialize_workgroup_memory [enabled=0, external=0]
[Vulkan init] extensions: name=VK_NVX_binary_import [enabled=0, external=0]
[Vulkan init] extensions: name=VK_NVX_image_view_handle [enabled=0, external=0]
[Vulkan init] extensions: name=VK_NVX_multiview_per_view_attributes [enabled=0, external=0]
[Vulkan init] extensions: name=VK_NV_clip_space_w_scaling [enabled=0, external=0]
[Vulkan init] extensions: name=VK_NV_cluster_acceleration_structure [enabled=0, external=0]
[Vulkan init] extensions: name=VK_NV_compute_occupancy_priority [enabled=0, external=0]
[Vulkan init] extensions: name=VK_NV_compute_shader_derivatives [enabled=0, external=0]
[Vulkan init] extensions: name=VK_NV_cooperative_matrix [enabled=0, external=0]
[Vulkan init] extensions: name=VK_NV_cooperative_matrix2 [enabled=0, external=0]
[Vulkan init] extensions: name=VK_NV_cooperative_vector [enabled=0, external=0]
[Vulkan init] extensions: name=VK_NV_copy_memory_indirect [enabled=0, external=0]
[Vulkan init] extensions: name=VK_NV_corner_sampled_image [enabled=0, external=0]
[Vulkan init] extensions: name=VK_NV_coverage_reduction_mode [enabled=0, external=0]
[Vulkan init] extensions: name=VK_NV_cuda_kernel_launch [enabled=0, external=0]
[Vulkan init] extensions: name=VK_NV_dedicated_allocation [enabled=0, external=0]
[Vulkan init] extensions: name=VK_NV_dedicated_allocation_image_aliasing [enabled=0, external=0]
[Vulkan init] extensions: name=VK_NV_descriptor_pool_overallocation [enabled=0, external=0]
[Vulkan init] extensions: name=VK_NV_device_diagnostic_checkpoints [enabled=0, external=0]
[Vulkan init] extensions: name=VK_NV_device_diagnostics_config [enabled=0, external=0]
[Vulkan init] extensions: name=VK_NV_device_generated_commands [enabled=0, external=0]
[Vulkan init] extensions: name=VK_NV_device_generated_commands_compute [enabled=0, external=0]
[Vulkan init] extensions: name=VK_NV_disk_cache_utils [enabled=0, external=0]
[Vulkan init] extensions: name=VK_NV_extended_sparse_address_space [enabled=0, external=0]
[Vulkan init] extensions: name=VK_NV_fill_rectangle [enabled=0, external=0]
[Vulkan init] extensions: name=VK_NV_fragment_coverage_to_color [enabled=0, external=0]
[Vulkan init] extensions: name=VK_NV_fragment_shader_barycentric [enabled=0, external=0]
[Vulkan init] extensions: name=VK_NV_fragment_shading_rate_enums [enabled=0, external=0]
[Vulkan init] extensions: name=VK_NV_framebuffer_mixed_samples [enabled=0, external=0]
[Vulkan init] extensions: name=VK_NV_geometry_shader_passthrough [enabled=0, external=0]
[Vulkan init] extensions: name=VK_NV_inherited_viewport_scissor [enabled=0, external=0]
[Vulkan init] extensions: name=VK_NV_internal_nvpresent [enabled=0, external=0]
[Vulkan init] extensions: name=VK_NV_linear_color_attachment [enabled=0, external=0]
[Vulkan init] extensions: name=VK_NV_low_latency [enabled=0, external=0]
[Vulkan init] extensions: name=VK_NV_low_latency2 [enabled=0, external=0]
[Vulkan init] extensions: name=VK_NV_memory_decompression [enabled=0, external=0]
[Vulkan init] extensions: name=VK_NV_mesh_shader [enabled=0, external=0]
[Vulkan init] extensions: name=VK_NV_optical_flow [enabled=0, external=0]
[Vulkan init] extensions: name=VK_NV_partitioned_acceleration_structure [enabled=0, external=0]
[Vulkan init] extensions: name=VK_NV_present_metering [enabled=0, external=0]
[Vulkan init] extensions: name=VK_NV_raw_access_chains [enabled=0, external=0]
[Vulkan init] extensions: name=VK_NV_ray_tracing [enabled=0, external=0]
[Vulkan init] extensions: name=VK_NV_ray_tracing_invocation_reorder [enabled=0, external=0]
[Vulkan init] extensions: name=VK_NV_ray_tracing_linear_swept_spheres [enabled=0, external=0]
[Vulkan init] extensions: name=VK_NV_ray_tracing_motion_blur [enabled=0, external=0]
[Vulkan init] extensions: name=VK_NV_representative_fragment_test [enabled=0, external=0]
[Vulkan init] extensions: name=VK_NV_sample_mask_override_coverage [enabled=0, external=0]
[Vulkan init] extensions: name=VK_NV_scissor_exclusive [enabled=0, external=0]
[Vulkan init] extensions: name=VK_NV_shader_atomic_float16_vector [enabled=0, external=0]
[Vulkan init] extensions: name=VK_NV_shader_image_footprint [enabled=0, external=0]
[Vulkan init] extensions: name=VK_NV_shader_sm_builtins [enabled=0, external=0]
[Vulkan init] extensions: name=VK_NV_shader_subgroup_partitioned [enabled=0, external=0]
[Vulkan init] extensions: name=VK_NV_shading_rate_image [enabled=0, external=0]
[Vulkan init] extensions: name=VK_NV_viewport_array2 [enabled=0, external=0]
[Vulkan init] extensions: name=VK_NV_viewport_swizzle [enabled=0, external=0]
[vulkan] Loaded device function vkDestroyDevice
[vulkan] Loaded device function vkGetDeviceQueue
[vulkan] Loaded device function vkQueueSubmit
[vulkan] Loaded device function vkQueueWaitIdle
[vulkan] Loaded device function vkDeviceWaitIdle
[vulkan] Loaded device function vkAllocateMemory
[vulkan] Loaded device function vkFreeMemory
[vulkan] Loaded device function vkMapMemory
[vulkan] Loaded device function vkUnmapMemory
[vulkan] Loaded device function vkFlushMappedMemoryRanges
[vulkan] Loaded device function vkInvalidateMappedMemoryRanges
[vulkan] Loaded device function vkGetDeviceMemoryCommitment
[vulkan] Loaded device function vkBindBufferMemory
[vulkan] Loaded device function vkBindImageMemory
[vulkan] Loaded device function vkGetBufferMemoryRequirements
[vulkan] Loaded device function vkGetImageMemoryRequirements
[vulkan] Loaded device function vkGetImageSparseMemoryRequirements
[vulkan] Loaded device function vkQueueBindSparse
[vulkan] Loaded device function vkCreateFence
[vulkan] Loaded device function vkDestroyFence
[vulkan] Loaded device function vkResetFences
[vulkan] Loaded device function vkGetFenceStatus
[vulkan] Loaded device function vkWaitForFences
[vulkan] Loaded device function vkCreateSemaphore
[vulkan] Loaded device function vkDestroySemaphore
[vulkan] Loaded device function vkCreateEvent
[vulkan] Loaded device function vkDestroyEvent
[vulkan] Loaded device function vkGetEventStatus
[vulkan] Loaded device function vkSetEvent
[vulkan] Loaded device function vkResetEvent
[vulkan] Loaded device function vkCreateQueryPool
[vulkan] Loaded device function vkDestroyQueryPool
[vulkan] Loaded device function vkGetQueryPoolResults
[vulkan] Loaded device function vkCreateBuffer
[vulkan] Loaded device function vkDestroyBuffer
[vulkan] Loaded device function vkCreateBufferView
[vulkan] Loaded device function vkDestroyBufferView
[vulkan] Loaded device function vkCreateImage
[vulkan] Loaded device function vkDestroyImage
[vulkan] Loaded device function vkGetImageSubresourceLayout
[vulkan] Loaded device function vkCreateImageView
[vulkan] Loaded device function vkDestroyImageView
[vulkan] Loaded device function vkCreateShaderModule
[vulkan] Loaded device function vkDestroyShaderModule
[vulkan] Loaded device function vkCreatePipelineCache
[vulkan] Loaded device function vkDestroyPipelineCache
[vulkan] Loaded device function vkGetPipelineCacheData
[vulkan] Loaded device function vkMergePipelineCaches
[vulkan] Loaded device function vkCreateGraphicsPipelines
[vulkan] Loaded device function vkCreateComputePipelines
[vulkan] Loaded device function vkDestroyPipeline
[vulkan] Loaded device function vkCreatePipelineLayout
[vulkan] Loaded device function vkDestroyPipelineLayout
[vulkan] Loaded device function vkCreateSampler
[vulkan] Loaded device function vkDestroySampler
[vulkan] Loaded device function vkCreateDescriptorSetLayout
[vulkan] Loaded device function vkDestroyDescriptorSetLayout
[vulkan] Loaded device function vkCreateDescriptorPool
[vulkan] Loaded device function vkDestroyDescriptorPool
[vulkan] Loaded device function vkResetDescriptorPool
[vulkan] Loaded device function vkAllocateDescriptorSets
[vulkan] Loaded device function vkFreeDescriptorSets
[vulkan] Loaded device function vkUpdateDescriptorSets
[vulkan] Loaded device function vkCreateFramebuffer
[vulkan] Loaded device function vkDestroyFramebuffer
[vulkan] Loaded device function vkCreateRenderPass
[vulkan] Loaded device function vkDestroyRenderPass
[vulkan] Loaded device function vkGetRenderAreaGranularity
[vulkan] Loaded device function vkCreateCommandPool
[vulkan] Loaded device function vkDestroyCommandPool
[vulkan] Loaded device function vkResetCommandPool
[vulkan] Loaded device function vkAllocateCommandBuffers
[vulkan] Loaded device function vkFreeCommandBuffers
[vulkan] Loaded device function vkBeginCommandBuffer
[vulkan] Loaded device function vkEndCommandBuffer
[vulkan] Loaded device function vkResetCommandBuffer
[vulkan] Loaded device function vkCmdBindPipeline
[vulkan] Loaded device function vkCmdSetViewport
[vulkan] Loaded device function vkCmdSetScissor
[vulkan] Loaded device function vkCmdSetLineWidth
[vulkan] Loaded device function vkCmdSetDepthBias
[vulkan] Loaded device function vkCmdSetBlendConstants
[vulkan] Loaded device function vkCmdSetDepthBounds
[vulkan] Loaded device function vkCmdSetStencilCompareMask
[vulkan] Loaded device function vkCmdSetStencilWriteMask
[vulkan] Loaded device function vkCmdSetStencilReference
[vulkan] Loaded device function vkCmdBindDescriptorSets
[vulkan] Loaded device function vkCmdBindIndexBuffer
[vulkan] Loaded device function vkCmdBindVertexBuffers
[vulkan] Loaded device function vkCmdDraw
[vulkan] Loaded device function vkCmdDrawIndexed
[vulkan] Loaded device function vkCmdDrawIndirect
[vulkan] Loaded device function vkCmdDrawIndexedIndirect
[vulkan] Loaded device function vkCmdDispatch
[vulkan] Loaded device function vkCmdDispatchIndirect
[vulkan] Loaded device function vkCmdCopyBuffer
[vulkan] Loaded device function vkCmdCopyImage
[vulkan] Loaded device function vkCmdBlitImage
[vulkan] Loaded device function vkCmdCopyBufferToImage
[vulkan] Loaded device function vkCmdCopyImageToBuffer
[vulkan] Loaded device function vkCmdUpdateBuffer
[vulkan] Loaded device function vkCmdFillBuffer
[vulkan] Loaded device function vkCmdClearColorImage
[vulkan] Loaded device function vkCmdClearDepthStencilImage
[vulkan] Loaded device function vkCmdClearAttachments
[vulkan] Loaded device function vkCmdResolveImage
[vulkan] Loaded device function vkCmdSetEvent
[vulkan] Loaded device function vkCmdResetEvent
[vulkan] Loaded device function vkCmdWaitEvents
[vulkan] Loaded device function vkCmdPipelineBarrier
[vulkan] Loaded device function vkCmdBeginQuery
[vulkan] Loaded device function vkCmdEndQuery
[vulkan] Loaded device function vkCmdResetQueryPool
[vulkan] Loaded device function vkCmdWriteTimestamp
[vulkan] Loaded device function vkCmdCopyQueryPoolResults
[vulkan] Loaded device function vkCmdPushConstants
[vulkan] Loaded device function vkCmdBeginRenderPass
[vulkan] Loaded device function vkCmdNextSubpass
[vulkan] Loaded device function vkCmdEndRenderPass
[vulkan] Loaded device function vkCmdExecuteCommands
[vulkan] Loaded device function vkGetImageMemoryRequirements2KHR
[vulkan] Loaded device function vkGetBufferMemoryRequirements2KHR
[vulkan] Loaded device function vkGetImageSparseMemoryRequirements2KHR
[vulkan] Loaded device function vkCreateDescriptorUpdateTemplateKHR
[vulkan] Loaded device function vkDestroyDescriptorUpdateTemplateKHR
[vulkan] Loaded device function vkUpdateDescriptorSetWithTemplateKHR
[vulkan] Loaded device function vkCmdBeginRenderPass2KHR
[vulkan] Loaded device function vkCmdEndRenderPass2KHR
[vulkan] Loaded device function vkCmdNextSubpass2KHR
[vulkan] Loaded device function vkCreateRenderPass2KHR
[vulkan] Loaded device function vkCmdSetVertexInputEXT
[vulkan] Loaded device function vkCmdSetFragmentShadingRateKHR
[vulkan] Failed to load device function vkGetFramebufferTilePropertiesQCOM
[vulkan] Loaded instance function vkGetFramebufferTilePropertiesQCOM
[vulkan] Failed to load device function vkDebugMarkerSetObjectTagEXT
[vulkan] Loaded instance function vkDebugMarkerSetObjectTagEXT
[vulkan] Failed to load device function vkDebugMarkerSetObjectNameEXT
[vulkan] Loaded instance function vkDebugMarkerSetObjectNameEXT
[vulkan] Failed to load device function vkCmdDebugMarkerBeginEXT
[vulkan] Loaded instance function vkCmdDebugMarkerBeginEXT
[vulkan] Failed to load device function vkCmdDebugMarkerEndEXT
[vulkan] Loaded instance function vkCmdDebugMarkerEndEXT
[vulkan] Failed to load device function vkCmdDebugMarkerInsertEXT
[vulkan] Loaded instance function vkCmdDebugMarkerInsertEXT
Vulkan API version 1.1.0 (1.4.329 supported by driver, 1.1.0 requested)
Vulkan vendor=[NVIDIA] id=[10de]
Vulkan renderer=[NVIDIA GeForce RTX 5060 Laptop GPU] id=[2d19]
Vulkan device type 2
Vulkan driverversion=[595.232.192 (0x94ce80c0)] uint=[-1798405952]
Vulkan driverLibraryString=[NVIDIA (4), 595.58.03]
Vulkan PSO: cache data not found [path=/tmp/DefaultCompany/My project/vulkan_pso_cache.bin]
Initialize mono
Mono path[0] = '/home/gustaw/Unity/Hub/Editor/6000.4.2f1/Editor/Data/Managed'
Mono path[1] = '/home/gustaw/Unity/Hub/Editor/6000.4.2f1/Editor/Data/MonoBleedingEdge/lib/mono/unityjit-linux'
Mono config path = '/home/gustaw/Unity/Hub/Editor/6000.4.2f1/Editor/Data/MonoBleedingEdge/etc'
Using monoOptions --debugger-agent=transport=dt_socket,embedding=1,server=y,suspend=n,address=127.0.0.1:56577
CodeReloadManager initialized
Begin MonoManager ReloadAssembly
Registering precompiled unity dll's ...
Register platform support module: /home/gustaw/Unity/Hub/Editor/6000.4.2f1/Editor/Data/PlaybackEngines/WindowsStandaloneSupport/UnityEditor.WindowsStandalone.Extensions.dll
Register platform support module: /home/gustaw/Unity/Hub/Editor/6000.4.2f1/Editor/Data/PlaybackEngines/LinuxStandaloneSupport/UnityEditor.LinuxStandalone.Extensions.dll
Registered in 0.000667 seconds.
Native extension for LinuxStandalone target not found
Native extension for WindowsStandalone target not found
Package Manager log level set to [2]
[Package Manager] Failed to launch server process. Reason: Unity was launched with the -noUpm command-line argument
[Package Manager] Unable to send message (not connected to server process).
[Package Manager] Cannot connect to Unity Package Manager local server
[Package Manager] Failed to launch server process. Reason: Unity was launched with the -noUpm command-line argument
[Package Manager] Unable to send message (not connected to server process).
[Package Manager] Cannot connect to Unity Package Manager local server
ScheduleIndexationOnStartup MainProcess:False IndexOnStartup:True
Mono: successfully reloaded assembly
- Finished resetting the current domain, in  0.283 seconds
Domain Reload Profiling: 522ms
	BeginReloadAssembly (44ms)
	RebuildCommonClasses (23ms)
	RebuildNativeTypeToScriptingClass (5ms)
	initialDomainReloadingComplete (34ms)
	LoadAllAssembliesAndSetupDomain (132ms)
		LoadAssemblies (43ms)
		AnalyzeDomain (126ms)
			TypeCache.Refresh (125ms)
				TypeCache.ScanAssembly (116ms)
	FinalizeReload (284ms)
		SetupLoadedEditorAssemblies (0ms)
			InitializePlatformSupportModulesInManaged (35ms)
			BeforeProcessingInitializeOnLoad (68ms)
			ProcessInitializeOnLoadAttributes (74ms)
			ProcessInitializeOnLoadMethodAttributes (54ms)
========================================================================
Worker process is ready to serve import requests
Import Worker Mode flag is 0x00
Begin MonoManager ReloadAssembly
[Licensing::Client] Successfully resolved entitlement details
[Licensing::Module] License group:
  Id: 7971605782286-UnityPersXXXX
  Product: Unity Personal
  Type: Assigned
  Expiration: Unlimited
Assembly Assembly-CSharp-Editor-firstpass.dll at Library/ScriptAssemblies/Assembly-CSharp-Editor-firstpass.dll not valid. Loading of assembly skipped.
Assembly Assembly-CSharp-firstpass.dll at Library/ScriptAssemblies/Assembly-CSharp-firstpass.dll not valid. Loading of assembly skipped.
Assembly DocCodeExamples.dll at Library/ScriptAssemblies/DocCodeExamples.dll not valid. Loading of assembly skipped.
Assembly TestNewCustomAssembly.dll at Library/ScriptAssemblies/TestNewCustomAssembly.dll not valid. Loading of assembly skipped.
Assembly Unity.Collections.BurstCompatibilityGen.dll at Library/ScriptAssemblies/Unity.Collections.BurstCompatibilityGen.dll not valid. Loading of assembly skipped.
Assembly Unity.Collections.DocCodeSamples.dll at Library/ScriptAssemblies/Unity.Collections.DocCodeSamples.dll not valid. Loading of assembly skipped.
Assembly Unity.Collections.PerformanceTests.dll at Library/ScriptAssemblies/Unity.Collections.PerformanceTests.dll not valid. Loading of assembly skipped.
Assembly Unity.Collections.Tests.dll at Library/ScriptAssemblies/Unity.Collections.Tests.dll not valid. Loading of assembly skipped.
Assembly Unity.Collections.Tests.Playmode.dll at Library/ScriptAssemblies/Unity.Collections.Tests.Playmode.dll not valid. Loading of assembly skipped.
Assembly Unity.InputSystem.IntegrationTests.dll at Library/ScriptAssemblies/Unity.InputSystem.IntegrationTests.dll not valid. Loading of assembly skipped.
Assembly Unity.Mathematics.Tests.dll at Library/ScriptAssemblies/Unity.Mathematics.Tests.dll not valid. Loading of assembly skipped.
Assembly Unity.Multiplayer.Center.Editor.Tests.dll at Library/ScriptAssemblies/Unity.Multiplayer.Center.Editor.Tests.dll not valid. Loading of assembly skipped.
Assembly Unity.Multiplayer.Center.Tests.dll at Library/ScriptAssemblies/Unity.Multiplayer.Center.Tests.dll not valid. Loading of assembly skipped.
Assembly Unity.Nuget.Mono-Cecil.dll at Library/ScriptAssemblies/Unity.Nuget.Mono-Cecil.dll not valid. Loading of assembly skipped.
Assembly Unity.PathTracing.Editor.Tests.dll at Library/ScriptAssemblies/Unity.PathTracing.Editor.Tests.dll not valid. Loading of assembly skipped.
Assembly Unity.PathTracing.Runtime.Tests.dll at Library/ScriptAssemblies/Unity.PathTracing.Runtime.Tests.dll not valid. Loading of assembly skipped.
Assembly Unity.RenderPipelines.Core.Editor.Tests.dll at Library/ScriptAssemblies/Unity.RenderPipelines.Core.Editor.Tests.dll not valid. Loading of assembly skipped.
Assembly Unity.RenderPipelines.Core.Runtime.Tests.dll at Library/ScriptAssemblies/Unity.RenderPipelines.Core.Runtime.Tests.dll not valid. Loading of assembly skipped.
Assembly Unity.RenderPipelines.Universal.Config.Editor.Tests.dll at Library/ScriptAssemblies/Unity.RenderPipelines.Universal.Config.Editor.Tests.dll not valid. Loading of assembly skipped.
Assembly Unity.RenderPipelines.Universal.Editor.Tests.dll at Library/ScriptAssemblies/Unity.RenderPipelines.Universal.Editor.Tests.dll not valid. Loading of assembly skipped.
Assembly Unity.RenderPipelines.Universal.Runtime.Tests.dll at Library/ScriptAssemblies/Unity.RenderPipelines.Universal.Runtime.Tests.dll not valid. Loading of assembly skipped.
Assembly Unity.Searcher.EditorTests.dll at Library/ScriptAssemblies/Unity.Searcher.EditorTests.dll not valid. Loading of assembly skipped.
Assembly Unity.ShaderGraph.Editor.Tests.dll at Library/ScriptAssemblies/Unity.ShaderGraph.Editor.Tests.dll not valid. Loading of assembly skipped.
Assembly Unity.Sysroot.EditorTests.dll at Library/ScriptAssemblies/Unity.Sysroot.EditorTests.dll not valid. Loading of assembly skipped.
Assembly Unity.Sysroot.Linux_x86_64.EditorTests.dll at Library/ScriptAssemblies/Unity.Sysroot.Linux_x86_64.EditorTests.dll not valid. Loading of assembly skipped.
Assembly Unity.TextMeshPro.Editor.Tests.dll at Library/ScriptAssemblies/Unity.TextMeshPro.Editor.Tests.dll not valid. Loading of assembly skipped.
Assembly Unity.TextMeshPro.Tests.dll at Library/ScriptAssemblies/Unity.TextMeshPro.Tests.dll not valid. Loading of assembly skipped.
Assembly Unity.Toolchain.Linux-x86_64-Linux.EditorTests.dll at Library/ScriptAssemblies/Unity.Toolchain.Linux-x86_64-Linux.EditorTests.dll not valid. Loading of assembly skipped.
Assembly Unity.UnifiedRayTracing.Editor.Tests.dll at Library/ScriptAssemblies/Unity.UnifiedRayTracing.Editor.Tests.dll not valid. Loading of assembly skipped.
Assembly UnityEditor.UI.Common.Tests.dll at Library/ScriptAssemblies/UnityEditor.UI.Common.Tests.dll not valid. Loading of assembly skipped.
Assembly UnityEditor.UI.EditorTests.dll at Library/ScriptAssemblies/UnityEditor.UI.EditorTests.dll not valid. Loading of assembly skipped.
Assembly UnityEngine.UI.Tests.dll at Library/ScriptAssemblies/UnityEngine.UI.Tests.dll not valid. Loading of assembly skipped.
Native extension for LinuxStandalone target not found
Native extension for WindowsStandalone target not found
[Package Manager] Failed to launch server process. Reason: Unity was launched with the -noUpm command-line argument
[Package Manager] Unable to send message (not connected to server process).
[Package Manager] Cannot connect to Unity Package Manager local server
[Package Manager] Failed to launch server process. Reason: Unity was launched with the -noUpm command-line argument
[Package Manager] Unable to send message (not connected to server process).
[Package Manager] Cannot connect to Unity Package Manager local server
ScheduleIndexationOnStartup MainProcess:False IndexOnStartup:True
Mono: successfully reloaded assembly
- Finished resetting the current domain, in  0.441 seconds
Domain Reload Profiling: 844ms
	BeginReloadAssembly (94ms)
		DisableScriptedObjects (3ms)
		CreateAndSetChildDomain (36ms)
	RebuildCommonClasses (27ms)
	RebuildNativeTypeToScriptingClass (5ms)
	initialDomainReloadingComplete (30ms)
	LoadAllAssembliesAndSetupDomain (246ms)
		LoadAssemblies (126ms)
		AnalyzeDomain (145ms)
			TypeCache.Refresh (105ms)
				TypeCache.ScanAssembly (96ms)
			BuildScriptInfoCaches (33ms)
			ResolveRequiredComponents (6ms)
	FinalizeReload (442ms)
		SetupLoadedEditorAssemblies (0ms)
			InitializePlatformSupportModulesInManaged (6ms)
			BeforeProcessingInitializeOnLoad (88ms)
			ProcessInitializeOnLoadAttributes (175ms)
			ProcessInitializeOnLoadMethodAttributes (44ms)
AutoLocale: current locale expects 'C' but got 'en_US.UTF-8'Launched and connected shader compiler UnityShaderCompiler after 0.01 seconds
Unloading 24 Unused Serialized files (Serialized files now loaded: 0)
Unloading 6549 unused Assets / (4.8 MB). Loaded Objects now: 7354.
Memory consumption went from 195.3 MB to 190.5 MB.
Total: 10.320270 ms (FindLiveObjects: 2.515901 ms CreateObjectMapping: 0.283555 ms MarkObjects: 4.503034 ms  DeleteObjects: 3.016727 ms)

========================================================================
Received Prepare
Unloading 24 Unused Serialized files (Serialized files now loaded: 0)
Unloading 6535 unused Assets / (5.4 MB). Loaded Objects now: 7355.
Memory consumption went from 193.2 MB to 187.7 MB.
Total: 8.955463 ms (FindLiveObjects: 0.734477 ms CreateObjectMapping: 0.231518 ms MarkObjects: 5.302824 ms  DeleteObjects: 2.685732 ms)

Prepare: number of updated asset objects reloaded= 0
========================================================================
Received Prepare
Begin MonoManager ReloadAssembly
[Licensing::Client] Successfully resolved entitlement details
Assembly Assembly-CSharp-Editor-firstpass.dll at Library/ScriptAssemblies/Assembly-CSharp-Editor-firstpass.dll not valid. Loading of assembly skipped.
Assembly Assembly-CSharp-firstpass.dll at Library/ScriptAssemblies/Assembly-CSharp-firstpass.dll not valid. Loading of assembly skipped.
Assembly DocCodeExamples.dll at Library/ScriptAssemblies/DocCodeExamples.dll not valid. Loading of assembly skipped.
Assembly TestNewCustomAssembly.dll at Library/ScriptAssemblies/TestNewCustomAssembly.dll not valid. Loading of assembly skipped.
Assembly Unity.Collections.BurstCompatibilityGen.dll at Library/ScriptAssemblies/Unity.Collections.BurstCompatibilityGen.dll not valid. Loading of assembly skipped.
Assembly Unity.Collections.DocCodeSamples.dll at Library/ScriptAssemblies/Unity.Collections.DocCodeSamples.dll not valid. Loading of assembly skipped.
Assembly Unity.Collections.PerformanceTests.dll at Library/ScriptAssemblies/Unity.Collections.PerformanceTests.dll not valid. Loading of assembly skipped.
Assembly Unity.Collections.Tests.dll at Library/ScriptAssemblies/Unity.Collections.Tests.dll not valid. Loading of assembly skipped.
Assembly Unity.Collections.Tests.Playmode.dll at Library/ScriptAssemblies/Unity.Collections.Tests.Playmode.dll not valid. Loading of assembly skipped.
Assembly Unity.InputSystem.IntegrationTests.dll at Library/ScriptAssemblies/Unity.InputSystem.IntegrationTests.dll not valid. Loading of assembly skipped.
Assembly Unity.Mathematics.Tests.dll at Library/ScriptAssemblies/Unity.Mathematics.Tests.dll not valid. Loading of assembly skipped.
Assembly Unity.Multiplayer.Center.Editor.Tests.dll at Library/ScriptAssemblies/Unity.Multiplayer.Center.Editor.Tests.dll not valid. Loading of assembly skipped.
Assembly Unity.Multiplayer.Center.Tests.dll at Library/ScriptAssemblies/Unity.Multiplayer.Center.Tests.dll not valid. Loading of assembly skipped.
Assembly Unity.Nuget.Mono-Cecil.dll at Library/ScriptAssemblies/Unity.Nuget.Mono-Cecil.dll not valid. Loading of assembly skipped.
Assembly Unity.PathTracing.Editor.Tests.dll at Library/ScriptAssemblies/Unity.PathTracing.Editor.Tests.dll not valid. Loading of assembly skipped.
Assembly Unity.PathTracing.Runtime.Tests.dll at Library/ScriptAssemblies/Unity.PathTracing.Runtime.Tests.dll not valid. Loading of assembly skipped.
Assembly Unity.RenderPipelines.Core.Editor.Tests.dll at Library/ScriptAssemblies/Unity.RenderPipelines.Core.Editor.Tests.dll not valid. Loading of assembly skipped.
Assembly Unity.RenderPipelines.Core.Runtime.Tests.dll at Library/ScriptAssemblies/Unity.RenderPipelines.Core.Runtime.Tests.dll not valid. Loading of assembly skipped.
Assembly Unity.RenderPipelines.Universal.Config.Editor.Tests.dll at Library/ScriptAssemblies/Unity.RenderPipelines.Universal.Config.Editor.Tests.dll not valid. Loading of assembly skipped.
Assembly Unity.RenderPipelines.Universal.Editor.Tests.dll at Library/ScriptAssemblies/Unity.RenderPipelines.Universal.Editor.Tests.dll not valid. Loading of assembly skipped.
Assembly Unity.RenderPipelines.Universal.Runtime.Tests.dll at Library/ScriptAssemblies/Unity.RenderPipelines.Universal.Runtime.Tests.dll not valid. Loading of assembly skipped.
Assembly Unity.Searcher.EditorTests.dll at Library/ScriptAssemblies/Unity.Searcher.EditorTests.dll not valid. Loading of assembly skipped.
Assembly Unity.ShaderGraph.Editor.Tests.dll at Library/ScriptAssemblies/Unity.ShaderGraph.Editor.Tests.dll not valid. Loading of assembly skipped.
Assembly Unity.Sysroot.EditorTests.dll at Library/ScriptAssemblies/Unity.Sysroot.EditorTests.dll not valid. Loading of assembly skipped.
Assembly Unity.Sysroot.Linux_x86_64.EditorTests.dll at Library/ScriptAssemblies/Unity.Sysroot.Linux_x86_64.EditorTests.dll not valid. Loading of assembly skipped.
Assembly Unity.TextMeshPro.Editor.Tests.dll at Library/ScriptAssemblies/Unity.TextMeshPro.Editor.Tests.dll not valid. Loading of assembly skipped.
Assembly Unity.TextMeshPro.Tests.dll at Library/ScriptAssemblies/Unity.TextMeshPro.Tests.dll not valid. Loading of assembly skipped.
Assembly Unity.Toolchain.Linux-x86_64-Linux.EditorTests.dll at Library/ScriptAssemblies/Unity.Toolchain.Linux-x86_64-Linux.EditorTests.dll not valid. Loading of assembly skipped.
Assembly Unity.UnifiedRayTracing.Editor.Tests.dll at Library/ScriptAssemblies/Unity.UnifiedRayTracing.Editor.Tests.dll not valid. Loading of assembly skipped.
Assembly UnityEditor.UI.Common.Tests.dll at Library/ScriptAssemblies/UnityEditor.UI.Common.Tests.dll not valid. Loading of assembly skipped.
Assembly UnityEditor.UI.EditorTests.dll at Library/ScriptAssemblies/UnityEditor.UI.EditorTests.dll not valid. Loading of assembly skipped.
Assembly UnityEngine.UI.Tests.dll at Library/ScriptAssemblies/UnityEngine.UI.Tests.dll not valid. Loading of assembly skipped.
Native extension for LinuxStandalone target not found
Native extension for WindowsStandalone target not found
[Package Manager] Failed to launch server process. Reason: Unity was launched with the -noUpm command-line argument
[Package Manager] Unable to send message (not connected to server process).
[Package Manager] Cannot connect to Unity Package Manager local server
[Package Manager] Failed to launch server process. Reason: Unity was launched with the -noUpm command-line argument
[Package Manager] Unable to send message (not connected to server process).
[Package Manager] Cannot connect to Unity Package Manager local server
ScheduleIndexationOnStartup MainProcess:False IndexOnStartup:True
Mono: successfully reloaded assembly
- Finished resetting the current domain, in  0.545 seconds
Domain Reload Profiling: 1031ms
	BeginReloadAssembly (137ms)
		DisableScriptedObjects (4ms)
		CreateAndSetChildDomain (52ms)
	RebuildCommonClasses (32ms)
	RebuildNativeTypeToScriptingClass (7ms)
	initialDomainReloadingComplete (30ms)
	LoadAllAssembliesAndSetupDomain (279ms)
		LoadAssemblies (186ms)
		AnalyzeDomain (127ms)
			TypeCache.Refresh (7ms)
			BuildScriptInfoCaches (112ms)
			ResolveRequiredComponents (7ms)
	FinalizeReload (545ms)
		SetupLoadedEditorAssemblies (0ms)
			InitializePlatformSupportModulesInManaged (6ms)
			BeforeProcessingInitializeOnLoad (111ms)
			ProcessInitializeOnLoadAttributes (218ms)
			ProcessInitializeOnLoadMethodAttributes (68ms)
		AwakeInstancesAfterBackupRestoration (12ms)
Unloading 24 Unused Serialized files (Serialized files now loaded: 0)
Unloading 6546 unused Assets / (5.3 MB). Loaded Objects now: 7371.
Memory consumption went from 199.8 MB to 194.5 MB.
Total: 7.361703 ms (FindLiveObjects: 0.698880 ms CreateObjectMapping: 0.293454 ms MarkObjects: 4.608574 ms  DeleteObjects: 1.759714 ms)

Prepare: number of updated asset objects reloaded= 0
========================================================================
Received Prepare
Unloading 24 Unused Serialized files (Serialized files now loaded: 0)
Unloading 6535 unused Assets / (5.8 MB). Loaded Objects now: 7371.
Memory consumption went from 200.0 MB to 194.2 MB.
Total: 13.045948 ms (FindLiveObjects: 1.272894 ms CreateObjectMapping: 0.992284 ms MarkObjects: 7.506136 ms  DeleteObjects: 3.273532 ms)

Prepare: number of updated asset objects reloaded= 0
========================================================================
Received Prepare
Begin MonoManager ReloadAssembly
Assembly Assembly-CSharp-Editor-firstpass.dll at Library/ScriptAssemblies/Assembly-CSharp-Editor-firstpass.dll not valid. Loading of assembly skipped.
Assembly Assembly-CSharp-firstpass.dll at Library/ScriptAssemblies/Assembly-CSharp-firstpass.dll not valid. Loading of assembly skipped.
Assembly DocCodeExamples.dll at Library/ScriptAssemblies/DocCodeExamples.dll not valid. Loading of assembly skipped.
Assembly TestNewCustomAssembly.dll at Library/ScriptAssemblies/TestNewCustomAssembly.dll not valid. Loading of assembly skipped.
Assembly Unity.Collections.BurstCompatibilityGen.dll at Library/ScriptAssemblies/Unity.Collections.BurstCompatibilityGen.dll not valid. Loading of assembly skipped.
Assembly Unity.Collections.DocCodeSamples.dll at Library/ScriptAssemblies/Unity.Collections.DocCodeSamples.dll not valid. Loading of assembly skipped.
Assembly Unity.Collections.PerformanceTests.dll at Library/ScriptAssemblies/Unity.Collections.PerformanceTests.dll not valid. Loading of assembly skipped.
Assembly Unity.Collections.Tests.dll at Library/ScriptAssemblies/Unity.Collections.Tests.dll not valid. Loading of assembly skipped.
Assembly Unity.Collections.Tests.Playmode.dll at Library/ScriptAssemblies/Unity.Collections.Tests.Playmode.dll not valid. Loading of assembly skipped.
Assembly Unity.InputSystem.IntegrationTests.dll at Library/ScriptAssemblies/Unity.InputSystem.IntegrationTests.dll not valid. Loading of assembly skipped.
Assembly Unity.Mathematics.Tests.dll at Library/ScriptAssemblies/Unity.Mathematics.Tests.dll not valid. Loading of assembly skipped.
Assembly Unity.Multiplayer.Center.Editor.Tests.dll at Library/ScriptAssemblies/Unity.Multiplayer.Center.Editor.Tests.dll not valid. Loading of assembly skipped.
Assembly Unity.Multiplayer.Center.Tests.dll at Library/ScriptAssemblies/Unity.Multiplayer.Center.Tests.dll not valid. Loading of assembly skipped.
Assembly Unity.Nuget.Mono-Cecil.dll at Library/ScriptAssemblies/Unity.Nuget.Mono-Cecil.dll not valid. Loading of assembly skipped.
Assembly Unity.PathTracing.Editor.Tests.dll at Library/ScriptAssemblies/Unity.PathTracing.Editor.Tests.dll not valid. Loading of assembly skipped.
Assembly Unity.PathTracing.Runtime.Tests.dll at Library/ScriptAssemblies/Unity.PathTracing.Runtime.Tests.dll not valid. Loading of assembly skipped.
Assembly Unity.RenderPipelines.Core.Editor.Tests.dll at Library/ScriptAssemblies/Unity.RenderPipelines.Core.Editor.Tests.dll not valid. Loading of assembly skipped.
Assembly Unity.RenderPipelines.Core.Runtime.Tests.dll at Library/ScriptAssemblies/Unity.RenderPipelines.Core.Runtime.Tests.dll not valid. Loading of assembly skipped.
Assembly Unity.RenderPipelines.Universal.Config.Editor.Tests.dll at Library/ScriptAssemblies/Unity.RenderPipelines.Universal.Config.Editor.Tests.dll not valid. Loading of assembly skipped.
Assembly Unity.RenderPipelines.Universal.Editor.Tests.dll at Library/ScriptAssemblies/Unity.RenderPipelines.Universal.Editor.Tests.dll not valid. Loading of assembly skipped.
Assembly Unity.RenderPipelines.Universal.Runtime.Tests.dll at Library/ScriptAssemblies/Unity.RenderPipelines.Universal.Runtime.Tests.dll not valid. Loading of assembly skipped.
Assembly Unity.Searcher.EditorTests.dll at Library/ScriptAssemblies/Unity.Searcher.EditorTests.dll not valid. Loading of assembly skipped.
Assembly Unity.ShaderGraph.Editor.Tests.dll at Library/ScriptAssemblies/Unity.ShaderGraph.Editor.Tests.dll not valid. Loading of assembly skipped.
Assembly Unity.Sysroot.EditorTests.dll at Library/ScriptAssemblies/Unity.Sysroot.EditorTests.dll not valid. Loading of assembly skipped.
Assembly Unity.Sysroot.Linux_x86_64.EditorTests.dll at Library/ScriptAssemblies/Unity.Sysroot.Linux_x86_64.EditorTests.dll not valid. Loading of assembly skipped.
Assembly Unity.TextMeshPro.Editor.Tests.dll at Library/ScriptAssemblies/Unity.TextMeshPro.Editor.Tests.dll not valid. Loading of assembly skipped.
Assembly Unity.TextMeshPro.Tests.dll at Library/ScriptAssemblies/Unity.TextMeshPro.Tests.dll not valid. Loading of assembly skipped.
Assembly Unity.Toolchain.Linux-x86_64-Linux.EditorTests.dll at Library/ScriptAssemblies/Unity.Toolchain.Linux-x86_64-Linux.EditorTests.dll not valid. Loading of assembly skipped.
Assembly Unity.UnifiedRayTracing.Editor.Tests.dll at Library/ScriptAssemblies/Unity.UnifiedRayTracing.Editor.Tests.dll not valid. Loading of assembly skipped.
Assembly UnityEditor.UI.Common.Tests.dll at Library/ScriptAssemblies/UnityEditor.UI.Common.Tests.dll not valid. Loading of assembly skipped.
Assembly UnityEditor.UI.EditorTests.dll at Library/ScriptAssemblies/UnityEditor.UI.EditorTests.dll not valid. Loading of assembly skipped.
Assembly UnityEngine.UI.Tests.dll at Library/ScriptAssemblies/UnityEngine.UI.Tests.dll not valid. Loading of assembly skipped.
Native extension for LinuxStandalone target not found
Native extension for WindowsStandalone target not found
[Package Manager] Failed to launch server process. Reason: Unity was launched with the -noUpm command-line argument
[Package Manager] Unable to send message (not connected to server process).
[Package Manager] Cannot connect to Unity Package Manager local server
[Package Manager] Failed to launch server process. Reason: Unity was launched with the -noUpm command-line argument
[Package Manager] Unable to send message (not connected to server process).
[Package Manager] Cannot connect to Unity Package Manager local server
ScheduleIndexationOnStartup MainProcess:False IndexOnStartup:True
Mono: successfully reloaded assembly
- Finished resetting the current domain, in  0.515 seconds
Domain Reload Profiling: 958ms
	BeginReloadAssembly (120ms)
		DisableScriptedObjects (6ms)
		CreateAndSetChildDomain (42ms)
	RebuildCommonClasses (31ms)
	RebuildNativeTypeToScriptingClass (10ms)
	initialDomainReloadingComplete (24ms)
	LoadAllAssembliesAndSetupDomain (257ms)
		LoadAssemblies (153ms)
		AnalyzeDomain (128ms)
			TypeCache.Refresh (6ms)
			BuildScriptInfoCaches (114ms)
			ResolveRequiredComponents (6ms)
	FinalizeReload (516ms)
		SetupLoadedEditorAssemblies (0ms)
			InitializePlatformSupportModulesInManaged (6ms)
			BeforeProcessingInitializeOnLoad (99ms)
			ProcessInitializeOnLoadAttributes (172ms)
			ProcessInitializeOnLoadMethodAttributes (86ms)
			AfterProcessingInitializeOnLoad (6ms)
		AwakeInstancesAfterBackupRestoration (17ms)
Unloading 24 Unused Serialized files (Serialized files now loaded: 0)
Unloading 6546 unused Assets / (4.6 MB). Loaded Objects now: 7374.
Memory consumption went from 199.8 MB to 195.2 MB.
Total: 8.171312 ms (FindLiveObjects: 0.733546 ms CreateObjectMapping: 0.497620 ms MarkObjects: 4.728840 ms  DeleteObjects: 2.210264 ms)

Prepare: number of updated asset objects reloaded= 0
========================================================================
Received Prepare
Begin MonoManager ReloadAssembly
Assembly Assembly-CSharp-Editor-firstpass.dll at Library/ScriptAssemblies/Assembly-CSharp-Editor-firstpass.dll not valid. Loading of assembly skipped.
Assembly Assembly-CSharp-firstpass.dll at Library/ScriptAssemblies/Assembly-CSharp-firstpass.dll not valid. Loading of assembly skipped.
Assembly DocCodeExamples.dll at Library/ScriptAssemblies/DocCodeExamples.dll not valid. Loading of assembly skipped.
Assembly TestNewCustomAssembly.dll at Library/ScriptAssemblies/TestNewCustomAssembly.dll not valid. Loading of assembly skipped.
Assembly Unity.Collections.BurstCompatibilityGen.dll at Library/ScriptAssemblies/Unity.Collections.BurstCompatibilityGen.dll not valid. Loading of assembly skipped.
Assembly Unity.Collections.DocCodeSamples.dll at Library/ScriptAssemblies/Unity.Collections.DocCodeSamples.dll not valid. Loading of assembly skipped.
Assembly Unity.Collections.PerformanceTests.dll at Library/ScriptAssemblies/Unity.Collections.PerformanceTests.dll not valid. Loading of assembly skipped.
Assembly Unity.Collections.Tests.dll at Library/ScriptAssemblies/Unity.Collections.Tests.dll not valid. Loading of assembly skipped.
Assembly Unity.Collections.Tests.Playmode.dll at Library/ScriptAssemblies/Unity.Collections.Tests.Playmode.dll not valid. Loading of assembly skipped.
Assembly Unity.InputSystem.IntegrationTests.dll at Library/ScriptAssemblies/Unity.InputSystem.IntegrationTests.dll not valid. Loading of assembly skipped.
Assembly Unity.Mathematics.Tests.dll at Library/ScriptAssemblies/Unity.Mathematics.Tests.dll not valid. Loading of assembly skipped.
Assembly Unity.Multiplayer.Center.Editor.Tests.dll at Library/ScriptAssemblies/Unity.Multiplayer.Center.Editor.Tests.dll not valid. Loading of assembly skipped.
Assembly Unity.Multiplayer.Center.Tests.dll at Library/ScriptAssemblies/Unity.Multiplayer.Center.Tests.dll not valid. Loading of assembly skipped.
Assembly Unity.Nuget.Mono-Cecil.dll at Library/ScriptAssemblies/Unity.Nuget.Mono-Cecil.dll not valid. Loading of assembly skipped.
Assembly Unity.PathTracing.Editor.Tests.dll at Library/ScriptAssemblies/Unity.PathTracing.Editor.Tests.dll not valid. Loading of assembly skipped.
Assembly Unity.PathTracing.Runtime.Tests.dll at Library/ScriptAssemblies/Unity.PathTracing.Runtime.Tests.dll not valid. Loading of assembly skipped.
Assembly Unity.RenderPipelines.Core.Editor.Tests.dll at Library/ScriptAssemblies/Unity.RenderPipelines.Core.Editor.Tests.dll not valid. Loading of assembly skipped.
Assembly Unity.RenderPipelines.Core.Runtime.Tests.dll at Library/ScriptAssemblies/Unity.RenderPipelines.Core.Runtime.Tests.dll not valid. Loading of assembly skipped.
Assembly Unity.RenderPipelines.Universal.Config.Editor.Tests.dll at Library/ScriptAssemblies/Unity.RenderPipelines.Universal.Config.Editor.Tests.dll not valid. Loading of assembly skipped.
Assembly Unity.RenderPipelines.Universal.Editor.Tests.dll at Library/ScriptAssemblies/Unity.RenderPipelines.Universal.Editor.Tests.dll not valid. Loading of assembly skipped.
Assembly Unity.RenderPipelines.Universal.Runtime.Tests.dll at Library/ScriptAssemblies/Unity.RenderPipelines.Universal.Runtime.Tests.dll not valid. Loading of assembly skipped.
Assembly Unity.Searcher.EditorTests.dll at Library/ScriptAssemblies/Unity.Searcher.EditorTests.dll not valid. Loading of assembly skipped.
Assembly Unity.ShaderGraph.Editor.Tests.dll at Library/ScriptAssemblies/Unity.ShaderGraph.Editor.Tests.dll not valid. Loading of assembly skipped.
Assembly Unity.Sysroot.EditorTests.dll at Library/ScriptAssemblies/Unity.Sysroot.EditorTests.dll not valid. Loading of assembly skipped.
Assembly Unity.Sysroot.Linux_x86_64.EditorTests.dll at Library/ScriptAssemblies/Unity.Sysroot.Linux_x86_64.EditorTests.dll not valid. Loading of assembly skipped.
Assembly Unity.TextMeshPro.Editor.Tests.dll at Library/ScriptAssemblies/Unity.TextMeshPro.Editor.Tests.dll not valid. Loading of assembly skipped.
Assembly Unity.TextMeshPro.Tests.dll at Library/ScriptAssemblies/Unity.TextMeshPro.Tests.dll not valid. Loading of assembly skipped.
Assembly Unity.Toolchain.Linux-x86_64-Linux.EditorTests.dll at Library/ScriptAssemblies/Unity.Toolchain.Linux-x86_64-Linux.EditorTests.dll not valid. Loading of assembly skipped.
Assembly Unity.UnifiedRayTracing.Editor.Tests.dll at Library/ScriptAssemblies/Unity.UnifiedRayTracing.Editor.Tests.dll not valid. Loading of assembly skipped.
Assembly UnityEditor.UI.Common.Tests.dll at Library/ScriptAssemblies/UnityEditor.UI.Common.Tests.dll not valid. Loading of assembly skipped.
Assembly UnityEditor.UI.EditorTests.dll at Library/ScriptAssemblies/UnityEditor.UI.EditorTests.dll not valid. Loading of assembly skipped.
Assembly UnityEngine.UI.Tests.dll at Library/ScriptAssemblies/UnityEngine.UI.Tests.dll not valid. Loading of assembly skipped.
Native extension for LinuxStandalone target not found
Native extension for WindowsStandalone target not found
[Package Manager] Failed to launch server process. Reason: Unity was launched with the -noUpm command-line argument
[Package Manager] Unable to send message (not connected to server process).
[Package Manager] Cannot connect to Unity Package Manager local server
[Package Manager] Failed to launch server process. Reason: Unity was launched with the -noUpm command-line argument
[Package Manager] Unable to send message (not connected to server process).
[Package Manager] Cannot connect to Unity Package Manager local server
ScheduleIndexationOnStartup MainProcess:False IndexOnStartup:True
Mono: successfully reloaded assembly
- Finished resetting the current domain, in  0.481 seconds
Domain Reload Profiling: 911ms
	BeginReloadAssembly (108ms)
		DisableScriptedObjects (4ms)
		CreateAndSetChildDomain (37ms)
	RebuildCommonClasses (30ms)
	RebuildNativeTypeToScriptingClass (6ms)
	initialDomainReloadingComplete (26ms)
	LoadAllAssembliesAndSetupDomain (260ms)
		LoadAssemblies (157ms)
		AnalyzeDomain (127ms)
			TypeCache.Refresh (5ms)
			BuildScriptInfoCaches (114ms)
			ResolveRequiredComponents (7ms)
	FinalizeReload (481ms)
		SetupLoadedEditorAssemblies (0ms)
			InitializePlatformSupportModulesInManaged (6ms)
			BeforeProcessingInitializeOnLoad (103ms)
			ProcessInitializeOnLoadAttributes (174ms)
			ProcessInitializeOnLoadMethodAttributes (53ms)
		AwakeInstancesAfterBackupRestoration (9ms)
Unloading 24 Unused Serialized files (Serialized files now loaded: 0)
Unloading 6546 unused Assets / (4.4 MB). Loaded Objects now: 7377.
Memory consumption went from 199.9 MB to 195.5 MB.
Total: 7.641631 ms (FindLiveObjects: 0.680665 ms CreateObjectMapping: 0.232329 ms MarkObjects: 4.830252 ms  DeleteObjects: 1.897343 ms)

Prepare: number of updated asset objects reloaded= 0
========================================================================
Received Prepare
Begin MonoManager ReloadAssembly
[Licensing::Client] Successfully resolved entitlement details
Assembly Assembly-CSharp-Editor-firstpass.dll at Library/ScriptAssemblies/Assembly-CSharp-Editor-firstpass.dll not valid. Loading of assembly skipped.
Assembly Assembly-CSharp-firstpass.dll at Library/ScriptAssemblies/Assembly-CSharp-firstpass.dll not valid. Loading of assembly skipped.
Assembly DocCodeExamples.dll at Library/ScriptAssemblies/DocCodeExamples.dll not valid. Loading of assembly skipped.
Assembly TestNewCustomAssembly.dll at Library/ScriptAssemblies/TestNewCustomAssembly.dll not valid. Loading of assembly skipped.
Assembly Unity.Collections.BurstCompatibilityGen.dll at Library/ScriptAssemblies/Unity.Collections.BurstCompatibilityGen.dll not valid. Loading of assembly skipped.
Assembly Unity.Collections.DocCodeSamples.dll at Library/ScriptAssemblies/Unity.Collections.DocCodeSamples.dll not valid. Loading of assembly skipped.
Assembly Unity.Collections.PerformanceTests.dll at Library/ScriptAssemblies/Unity.Collections.PerformanceTests.dll not valid. Loading of assembly skipped.
Assembly Unity.Collections.Tests.dll at Library/ScriptAssemblies/Unity.Collections.Tests.dll not valid. Loading of assembly skipped.
Assembly Unity.Collections.Tests.Playmode.dll at Library/ScriptAssemblies/Unity.Collections.Tests.Playmode.dll not valid. Loading of assembly skipped.
Assembly Unity.InputSystem.IntegrationTests.dll at Library/ScriptAssemblies/Unity.InputSystem.IntegrationTests.dll not valid. Loading of assembly skipped.
Assembly Unity.Mathematics.Tests.dll at Library/ScriptAssemblies/Unity.Mathematics.Tests.dll not valid. Loading of assembly skipped.
Assembly Unity.Multiplayer.Center.Editor.Tests.dll at Library/ScriptAssemblies/Unity.Multiplayer.Center.Editor.Tests.dll not valid. Loading of assembly skipped.
Assembly Unity.Multiplayer.Center.Tests.dll at Library/ScriptAssemblies/Unity.Multiplayer.Center.Tests.dll not valid. Loading of assembly skipped.
Assembly Unity.Nuget.Mono-Cecil.dll at Library/ScriptAssemblies/Unity.Nuget.Mono-Cecil.dll not valid. Loading of assembly skipped.
Assembly Unity.PathTracing.Editor.Tests.dll at Library/ScriptAssemblies/Unity.PathTracing.Editor.Tests.dll not valid. Loading of assembly skipped.
Assembly Unity.PathTracing.Runtime.Tests.dll at Library/ScriptAssemblies/Unity.PathTracing.Runtime.Tests.dll not valid. Loading of assembly skipped.
Assembly Unity.RenderPipelines.Core.Editor.Tests.dll at Library/ScriptAssemblies/Unity.RenderPipelines.Core.Editor.Tests.dll not valid. Loading of assembly skipped.
Assembly Unity.RenderPipelines.Core.Runtime.Tests.dll at Library/ScriptAssemblies/Unity.RenderPipelines.Core.Runtime.Tests.dll not valid. Loading of assembly skipped.
Assembly Unity.RenderPipelines.Universal.Config.Editor.Tests.dll at Library/ScriptAssemblies/Unity.RenderPipelines.Universal.Config.Editor.Tests.dll not valid. Loading of assembly skipped.
Assembly Unity.RenderPipelines.Universal.Editor.Tests.dll at Library/ScriptAssemblies/Unity.RenderPipelines.Universal.Editor.Tests.dll not valid. Loading of assembly skipped.
Assembly Unity.RenderPipelines.Universal.Runtime.Tests.dll at Library/ScriptAssemblies/Unity.RenderPipelines.Universal.Runtime.Tests.dll not valid. Loading of assembly skipped.
Assembly Unity.Searcher.EditorTests.dll at Library/ScriptAssemblies/Unity.Searcher.EditorTests.dll not valid. Loading of assembly skipped.
Assembly Unity.ShaderGraph.Editor.Tests.dll at Library/ScriptAssemblies/Unity.ShaderGraph.Editor.Tests.dll not valid. Loading of assembly skipped.
Assembly Unity.Sysroot.EditorTests.dll at Library/ScriptAssemblies/Unity.Sysroot.EditorTests.dll not valid. Loading of assembly skipped.
Assembly Unity.Sysroot.Linux_x86_64.EditorTests.dll at Library/ScriptAssemblies/Unity.Sysroot.Linux_x86_64.EditorTests.dll not valid. Loading of assembly skipped.
Assembly Unity.TextMeshPro.Editor.Tests.dll at Library/ScriptAssemblies/Unity.TextMeshPro.Editor.Tests.dll not valid. Loading of assembly skipped.
Assembly Unity.TextMeshPro.Tests.dll at Library/ScriptAssemblies/Unity.TextMeshPro.Tests.dll not valid. Loading of assembly skipped.
Assembly Unity.Toolchain.Linux-x86_64-Linux.EditorTests.dll at Library/ScriptAssemblies/Unity.Toolchain.Linux-x86_64-Linux.EditorTests.dll not valid. Loading of assembly skipped.
Assembly Unity.UnifiedRayTracing.Editor.Tests.dll at Library/ScriptAssemblies/Unity.UnifiedRayTracing.Editor.Tests.dll not valid. Loading of assembly skipped.
Assembly UnityEditor.UI.Common.Tests.dll at Library/ScriptAssemblies/UnityEditor.UI.Common.Tests.dll not valid. Loading of assembly skipped.
Assembly UnityEditor.UI.EditorTests.dll at Library/ScriptAssemblies/UnityEditor.UI.EditorTests.dll not valid. Loading of assembly skipped.
Assembly UnityEngine.UI.Tests.dll at Library/ScriptAssemblies/UnityEngine.UI.Tests.dll not valid. Loading of assembly skipped.
Native extension for LinuxStandalone target not found
Native extension for WindowsStandalone target not found
[Package Manager] Failed to launch server process. Reason: Unity was launched with the -noUpm command-line argument
[Package Manager] Unable to send message (not connected to server process).
[Package Manager] Cannot connect to Unity Package Manager local server
[Package Manager] Failed to launch server process. Reason: Unity was launched with the -noUpm command-line argument
[Package Manager] Unable to send message (not connected to server process).
[Package Manager] Cannot connect to Unity Package Manager local server
ScheduleIndexationOnStartup MainProcess:False IndexOnStartup:True
Mono: successfully reloaded assembly
- Finished resetting the current domain, in  0.566 seconds
Domain Reload Profiling: 1080ms
	BeginReloadAssembly (158ms)
		DisableScriptedObjects (6ms)
		CreateAndSetChildDomain (53ms)
	RebuildCommonClasses (31ms)
	RebuildNativeTypeToScriptingClass (7ms)
	initialDomainReloadingComplete (26ms)
	LoadAllAssembliesAndSetupDomain (290ms)
		LoadAssemblies (184ms)
		AnalyzeDomain (148ms)
			TypeCache.Refresh (6ms)
			BuildScriptInfoCaches (133ms)
			ResolveRequiredComponents (7ms)
	FinalizeReload (567ms)
		SetupLoadedEditorAssemblies (0ms)
			InitializePlatformSupportModulesInManaged (6ms)
			BeforeProcessingInitializeOnLoad (116ms)
			ProcessInitializeOnLoadAttributes (197ms)
			ProcessInitializeOnLoadMethodAttributes (83ms)
			AfterProcessingInitializeOnLoad (4ms)
		AwakeInstancesAfterBackupRestoration (16ms)
Unloading 24 Unused Serialized files (Serialized files now loaded: 0)
Unloading 6546 unused Assets / (4.2 MB). Loaded Objects now: 7380.
Memory consumption went from 200.1 MB to 195.9 MB.
Total: 7.874351 ms (FindLiveObjects: 1.411876 ms CreateObjectMapping: 0.246485 ms MarkObjects: 4.286645 ms  DeleteObjects: 1.928422 ms)

Prepare: number of updated asset objects reloaded= 0
========================================================================
Received Prepare
Unloading 24 Unused Serialized files (Serialized files now loaded: 0)
Unloading 6535 unused Assets / (5.1 MB). Loaded Objects now: 7380.
Memory consumption went from 200.3 MB to 195.2 MB.
Total: 10.683316 ms (FindLiveObjects: 0.784081 ms CreateObjectMapping: 0.742122 ms MarkObjects: 6.901934 ms  DeleteObjects: 2.253947 ms)

Prepare: number of updated asset objects reloaded= 0
========================================================================
Received Prepare
Begin MonoManager ReloadAssembly
[Licensing::Client] Successfully resolved entitlement details
Assembly Assembly-CSharp-Editor-firstpass.dll at Library/ScriptAssemblies/Assembly-CSharp-Editor-firstpass.dll not valid. Loading of assembly skipped.
Assembly Assembly-CSharp-firstpass.dll at Library/ScriptAssemblies/Assembly-CSharp-firstpass.dll not valid. Loading of assembly skipped.
Assembly DocCodeExamples.dll at Library/ScriptAssemblies/DocCodeExamples.dll not valid. Loading of assembly skipped.
Assembly TestNewCustomAssembly.dll at Library/ScriptAssemblies/TestNewCustomAssembly.dll not valid. Loading of assembly skipped.
Assembly Unity.Collections.BurstCompatibilityGen.dll at Library/ScriptAssemblies/Unity.Collections.BurstCompatibilityGen.dll not valid. Loading of assembly skipped.
Assembly Unity.Collections.DocCodeSamples.dll at Library/ScriptAssemblies/Unity.Collections.DocCodeSamples.dll not valid. Loading of assembly skipped.
Assembly Unity.Collections.PerformanceTests.dll at Library/ScriptAssemblies/Unity.Collections.PerformanceTests.dll not valid. Loading of assembly skipped.
Assembly Unity.Collections.Tests.dll at Library/ScriptAssemblies/Unity.Collections.Tests.dll not valid. Loading of assembly skipped.
Assembly Unity.Collections.Tests.Playmode.dll at Library/ScriptAssemblies/Unity.Collections.Tests.Playmode.dll not valid. Loading of assembly skipped.
Assembly Unity.InputSystem.IntegrationTests.dll at Library/ScriptAssemblies/Unity.InputSystem.IntegrationTests.dll not valid. Loading of assembly skipped.
Assembly Unity.Mathematics.Tests.dll at Library/ScriptAssemblies/Unity.Mathematics.Tests.dll not valid. Loading of assembly skipped.
Assembly Unity.Multiplayer.Center.Editor.Tests.dll at Library/ScriptAssemblies/Unity.Multiplayer.Center.Editor.Tests.dll not valid. Loading of assembly skipped.
Assembly Unity.Multiplayer.Center.Tests.dll at Library/ScriptAssemblies/Unity.Multiplayer.Center.Tests.dll not valid. Loading of assembly skipped.
Assembly Unity.Nuget.Mono-Cecil.dll at Library/ScriptAssemblies/Unity.Nuget.Mono-Cecil.dll not valid. Loading of assembly skipped.
Assembly Unity.PathTracing.Editor.Tests.dll at Library/ScriptAssemblies/Unity.PathTracing.Editor.Tests.dll not valid. Loading of assembly skipped.
Assembly Unity.PathTracing.Runtime.Tests.dll at Library/ScriptAssemblies/Unity.PathTracing.Runtime.Tests.dll not valid. Loading of assembly skipped.
Assembly Unity.RenderPipelines.Core.Editor.Tests.dll at Library/ScriptAssemblies/Unity.RenderPipelines.Core.Editor.Tests.dll not valid. Loading of assembly skipped.
Assembly Unity.RenderPipelines.Core.Runtime.Tests.dll at Library/ScriptAssemblies/Unity.RenderPipelines.Core.Runtime.Tests.dll not valid. Loading of assembly skipped.
Assembly Unity.RenderPipelines.Universal.Config.Editor.Tests.dll at Library/ScriptAssemblies/Unity.RenderPipelines.Universal.Config.Editor.Tests.dll not valid. Loading of assembly skipped.
Assembly Unity.RenderPipelines.Universal.Editor.Tests.dll at Library/ScriptAssemblies/Unity.RenderPipelines.Universal.Editor.Tests.dll not valid. Loading of assembly skipped.
Assembly Unity.RenderPipelines.Universal.Runtime.Tests.dll at Library/ScriptAssemblies/Unity.RenderPipelines.Universal.Runtime.Tests.dll not valid. Loading of assembly skipped.
Assembly Unity.Searcher.EditorTests.dll at Library/ScriptAssemblies/Unity.Searcher.EditorTests.dll not valid. Loading of assembly skipped.
Assembly Unity.ShaderGraph.Editor.Tests.dll at Library/ScriptAssemblies/Unity.ShaderGraph.Editor.Tests.dll not valid. Loading of assembly skipped.
Assembly Unity.Sysroot.EditorTests.dll at Library/ScriptAssemblies/Unity.Sysroot.EditorTests.dll not valid. Loading of assembly skipped.
Assembly Unity.Sysroot.Linux_x86_64.EditorTests.dll at Library/ScriptAssemblies/Unity.Sysroot.Linux_x86_64.EditorTests.dll not valid. Loading of assembly skipped.
Assembly Unity.TextMeshPro.Editor.Tests.dll at Library/ScriptAssemblies/Unity.TextMeshPro.Editor.Tests.dll not valid. Loading of assembly skipped.
Assembly Unity.TextMeshPro.Tests.dll at Library/ScriptAssemblies/Unity.TextMeshPro.Tests.dll not valid. Loading of assembly skipped.
Assembly Unity.Toolchain.Linux-x86_64-Linux.EditorTests.dll at Library/ScriptAssemblies/Unity.Toolchain.Linux-x86_64-Linux.EditorTests.dll not valid. Loading of assembly skipped.
Assembly Unity.UnifiedRayTracing.Editor.Tests.dll at Library/ScriptAssemblies/Unity.UnifiedRayTracing.Editor.Tests.dll not valid. Loading of assembly skipped.
Assembly UnityEditor.UI.Common.Tests.dll at Library/ScriptAssemblies/UnityEditor.UI.Common.Tests.dll not valid. Loading of assembly skipped.
Assembly UnityEditor.UI.EditorTests.dll at Library/ScriptAssemblies/UnityEditor.UI.EditorTests.dll not valid. Loading of assembly skipped.
Assembly UnityEngine.UI.Tests.dll at Library/ScriptAssemblies/UnityEngine.UI.Tests.dll not valid. Loading of assembly skipped.
Native extension for LinuxStandalone target not found
Native extension for WindowsStandalone target not found
[Package Manager] Failed to launch server process. Reason: Unity was launched with the -noUpm command-line argument
[Package Manager] Unable to send message (not connected to server process).
[Package Manager] Cannot connect to Unity Package Manager local server
[Package Manager] Failed to launch server process. Reason: Unity was launched with the -noUpm command-line argument
[Package Manager] Unable to send message (not connected to server process).
[Package Manager] Cannot connect to Unity Package Manager local server
ScheduleIndexationOnStartup MainProcess:False IndexOnStartup:True
Mono: successfully reloaded assembly
- Finished resetting the current domain, in  0.482 seconds
Domain Reload Profiling: 942ms
	BeginReloadAssembly (117ms)
		DisableScriptedObjects (3ms)
		CreateAndSetChildDomain (46ms)
	RebuildCommonClasses (31ms)
	RebuildNativeTypeToScriptingClass (6ms)
	initialDomainReloadingComplete (28ms)
	LoadAllAssembliesAndSetupDomain (279ms)
		LoadAssemblies (147ms)
		AnalyzeDomain (154ms)
			TypeCache.Refresh (7ms)
			BuildScriptInfoCaches (139ms)
			ResolveRequiredComponents (7ms)
	FinalizeReload (482ms)
		SetupLoadedEditorAssemblies (0ms)
			InitializePlatformSupportModulesInManaged (10ms)
			BeforeProcessingInitializeOnLoad (102ms)
			ProcessInitializeOnLoadAttributes (196ms)
			ProcessInitializeOnLoadMethodAttributes (48ms)
		AwakeInstancesAfterBackupRestoration (9ms)
Unloading 24 Unused Serialized files (Serialized files now loaded: 0)
Unloading 6546 unused Assets / (4.5 MB). Loaded Objects now: 7383.
Memory consumption went from 200.4 MB to 195.9 MB.
Total: 7.002665 ms (FindLiveObjects: 0.649978 ms CreateObjectMapping: 0.165161 ms MarkObjects: 4.327633 ms  DeleteObjects: 1.859161 ms)

Prepare: number of updated asset objects reloaded= 0
========================================================================
Received Prepare
Unloading 24 Unused Serialized files (Serialized files now loaded: 0)
Unloading 6536 unused Assets / (5.4 MB). Loaded Objects now: 7384.
Memory consumption went from 200.6 MB to 195.2 MB.
Total: 13.032032 ms (FindLiveObjects: 0.831400 ms CreateObjectMapping: 0.522377 ms MarkObjects: 8.608057 ms  DeleteObjects: 3.067693 ms)

Prepare: number of updated asset objects reloaded= 0
========================================================================
Received Prepare
Begin MonoManager ReloadAssembly
[Licensing::Client] Successfully resolved entitlement details
Assembly Assembly-CSharp-Editor-firstpass.dll at Library/ScriptAssemblies/Assembly-CSharp-Editor-firstpass.dll not valid. Loading of assembly skipped.
Assembly Assembly-CSharp-firstpass.dll at Library/ScriptAssemblies/Assembly-CSharp-firstpass.dll not valid. Loading of assembly skipped.
Assembly DocCodeExamples.dll at Library/ScriptAssemblies/DocCodeExamples.dll not valid. Loading of assembly skipped.
Assembly TestNewCustomAssembly.dll at Library/ScriptAssemblies/TestNewCustomAssembly.dll not valid. Loading of assembly skipped.
Assembly Unity.Collections.BurstCompatibilityGen.dll at Library/ScriptAssemblies/Unity.Collections.BurstCompatibilityGen.dll not valid. Loading of assembly skipped.
Assembly Unity.Collections.DocCodeSamples.dll at Library/ScriptAssemblies/Unity.Collections.DocCodeSamples.dll not valid. Loading of assembly skipped.
Assembly Unity.Collections.PerformanceTests.dll at Library/ScriptAssemblies/Unity.Collections.PerformanceTests.dll not valid. Loading of assembly skipped.
Assembly Unity.Collections.Tests.dll at Library/ScriptAssemblies/Unity.Collections.Tests.dll not valid. Loading of assembly skipped.
Assembly Unity.Collections.Tests.Playmode.dll at Library/ScriptAssemblies/Unity.Collections.Tests.Playmode.dll not valid. Loading of assembly skipped.
Assembly Unity.InputSystem.IntegrationTests.dll at Library/ScriptAssemblies/Unity.InputSystem.IntegrationTests.dll not valid. Loading of assembly skipped.
Assembly Unity.Mathematics.Tests.dll at Library/ScriptAssemblies/Unity.Mathematics.Tests.dll not valid. Loading of assembly skipped.
Assembly Unity.Multiplayer.Center.Editor.Tests.dll at Library/ScriptAssemblies/Unity.Multiplayer.Center.Editor.Tests.dll not valid. Loading of assembly skipped.
Assembly Unity.Multiplayer.Center.Tests.dll at Library/ScriptAssemblies/Unity.Multiplayer.Center.Tests.dll not valid. Loading of assembly skipped.
Assembly Unity.Nuget.Mono-Cecil.dll at Library/ScriptAssemblies/Unity.Nuget.Mono-Cecil.dll not valid. Loading of assembly skipped.
Assembly Unity.PathTracing.Editor.Tests.dll at Library/ScriptAssemblies/Unity.PathTracing.Editor.Tests.dll not valid. Loading of assembly skipped.
Assembly Unity.PathTracing.Runtime.Tests.dll at Library/ScriptAssemblies/Unity.PathTracing.Runtime.Tests.dll not valid. Loading of assembly skipped.
Assembly Unity.RenderPipelines.Core.Editor.Tests.dll at Library/ScriptAssemblies/Unity.RenderPipelines.Core.Editor.Tests.dll not valid. Loading of assembly skipped.
Assembly Unity.RenderPipelines.Core.Runtime.Tests.dll at Library/ScriptAssemblies/Unity.RenderPipelines.Core.Runtime.Tests.dll not valid. Loading of assembly skipped.
Assembly Unity.RenderPipelines.Universal.Config.Editor.Tests.dll at Library/ScriptAssemblies/Unity.RenderPipelines.Universal.Config.Editor.Tests.dll not valid. Loading of assembly skipped.
Assembly Unity.RenderPipelines.Universal.Editor.Tests.dll at Library/ScriptAssemblies/Unity.RenderPipelines.Universal.Editor.Tests.dll not valid. Loading of assembly skipped.
Assembly Unity.RenderPipelines.Universal.Runtime.Tests.dll at Library/ScriptAssemblies/Unity.RenderPipelines.Universal.Runtime.Tests.dll not valid. Loading of assembly skipped.
Assembly Unity.Searcher.EditorTests.dll at Library/ScriptAssemblies/Unity.Searcher.EditorTests.dll not valid. Loading of assembly skipped.
Assembly Unity.ShaderGraph.Editor.Tests.dll at Library/ScriptAssemblies/Unity.ShaderGraph.Editor.Tests.dll not valid. Loading of assembly skipped.
Assembly Unity.Sysroot.EditorTests.dll at Library/ScriptAssemblies/Unity.Sysroot.EditorTests.dll not valid. Loading of assembly skipped.
Assembly Unity.Sysroot.Linux_x86_64.EditorTests.dll at Library/ScriptAssemblies/Unity.Sysroot.Linux_x86_64.EditorTests.dll not valid. Loading of assembly skipped.
Assembly Unity.TextMeshPro.Editor.Tests.dll at Library/ScriptAssemblies/Unity.TextMeshPro.Editor.Tests.dll not valid. Loading of assembly skipped.
Assembly Unity.TextMeshPro.Tests.dll at Library/ScriptAssemblies/Unity.TextMeshPro.Tests.dll not valid. Loading of assembly skipped.
Assembly Unity.Toolchain.Linux-x86_64-Linux.EditorTests.dll at Library/ScriptAssemblies/Unity.Toolchain.Linux-x86_64-Linux.EditorTests.dll not valid. Loading of assembly skipped.
Assembly Unity.UnifiedRayTracing.Editor.Tests.dll at Library/ScriptAssemblies/Unity.UnifiedRayTracing.Editor.Tests.dll not valid. Loading of assembly skipped.
Assembly UnityEditor.UI.Common.Tests.dll at Library/ScriptAssemblies/UnityEditor.UI.Common.Tests.dll not valid. Loading of assembly skipped.
Assembly UnityEditor.UI.EditorTests.dll at Library/ScriptAssemblies/UnityEditor.UI.EditorTests.dll not valid. Loading of assembly skipped.
Assembly UnityEngine.UI.Tests.dll at Library/ScriptAssemblies/UnityEngine.UI.Tests.dll not valid. Loading of assembly skipped.
Native extension for LinuxStandalone target not found
Native extension for WindowsStandalone target not found
[Package Manager] Failed to launch server process. Reason: Unity was launched with the -noUpm command-line argument
[Package Manager] Unable to send message (not connected to server process).
[Package Manager] Cannot connect to Unity Package Manager local server
[Package Manager] Failed to launch server process. Reason: Unity was launched with the -noUpm command-line argument
[Package Manager] Unable to send message (not connected to server process).
[Package Manager] Cannot connect to Unity Package Manager local server
ScheduleIndexationOnStartup MainProcess:False IndexOnStartup:True
Mono: successfully reloaded assembly
- Finished resetting the current domain, in  0.432 seconds
Domain Reload Profiling: 906ms
	BeginReloadAssembly (119ms)
		DisableScriptedObjects (6ms)
		CreateAndSetChildDomain (42ms)
	RebuildCommonClasses (29ms)
	RebuildNativeTypeToScriptingClass (6ms)
	initialDomainReloadingComplete (25ms)
	LoadAllAssembliesAndSetupDomain (294ms)
		LoadAssemblies (170ms)
		AnalyzeDomain (143ms)
			TypeCache.Refresh (12ms)
			BuildScriptInfoCaches (123ms)
			ResolveRequiredComponents (6ms)
	FinalizeReload (432ms)
		SetupLoadedEditorAssemblies (0ms)
			InitializePlatformSupportModulesInManaged (5ms)
			BeforeProcessingInitializeOnLoad (88ms)
			ProcessInitializeOnLoadAttributes (158ms)
			ProcessInitializeOnLoadMethodAttributes (44ms)
		AwakeInstancesAfterBackupRestoration (8ms)
Unloading 24 Unused Serialized files (Serialized files now loaded: 0)
Unloading 6547 unused Assets / (4.1 MB). Loaded Objects now: 7387.
Memory consumption went from 200.6 MB to 196.5 MB.
Total: 7.169660 ms (FindLiveObjects: 0.829066 ms CreateObjectMapping: 0.216779 ms MarkObjects: 4.746985 ms  DeleteObjects: 1.375939 ms)

Prepare: number of updated asset objects reloaded= 0
========================================================================
Received Prepare
Unloading 24 Unused Serialized files (Serialized files now loaded: 0)
Unloading 6536 unused Assets / (6.0 MB). Loaded Objects now: 7387.
Memory consumption went from 200.8 MB to 194.8 MB.
Total: 12.464770 ms (FindLiveObjects: 1.148910 ms CreateObjectMapping: 0.927251 ms MarkObjects: 7.237388 ms  DeleteObjects: 3.149538 ms)

Prepare: number of updated asset objects reloaded= 0
========================================================================
Received Prepare
Unloading 24 Unused Serialized files (Serialized files now loaded: 0)
Unloading 6536 unused Assets / (5.3 MB). Loaded Objects now: 7387.
Memory consumption went from 200.9 MB to 195.6 MB.
Total: 8.841798 ms (FindLiveObjects: 0.923914 ms CreateObjectMapping: 1.034945 ms MarkObjects: 4.653699 ms  DeleteObjects: 2.228238 ms)

Prepare: number of updated asset objects reloaded= 0
========================================================================
Received Prepare
Unloading 24 Unused Serialized files (Serialized files now loaded: 0)
Unloading 6536 unused Assets / (4.9 MB). Loaded Objects now: 7387.
Memory consumption went from 201.0 MB to 196.1 MB.
Total: 8.398140 ms (FindLiveObjects: 0.792787 ms CreateObjectMapping: 0.682819 ms MarkObjects: 4.564770 ms  DeleteObjects: 2.357191 ms)

Prepare: number of updated asset objects reloaded= 0
========================================================================
Received Prepare
Begin MonoManager ReloadAssembly
[Licensing::Client] Successfully resolved entitlement details
Assembly Assembly-CSharp-Editor-firstpass.dll at Library/ScriptAssemblies/Assembly-CSharp-Editor-firstpass.dll not valid. Loading of assembly skipped.
Assembly Assembly-CSharp-firstpass.dll at Library/ScriptAssemblies/Assembly-CSharp-firstpass.dll not valid. Loading of assembly skipped.
Assembly DocCodeExamples.dll at Library/ScriptAssemblies/DocCodeExamples.dll not valid. Loading of assembly skipped.
Assembly TestNewCustomAssembly.dll at Library/ScriptAssemblies/TestNewCustomAssembly.dll not valid. Loading of assembly skipped.
Assembly Unity.Collections.BurstCompatibilityGen.dll at Library/ScriptAssemblies/Unity.Collections.BurstCompatibilityGen.dll not valid. Loading of assembly skipped.
Assembly Unity.Collections.DocCodeSamples.dll at Library/ScriptAssemblies/Unity.Collections.DocCodeSamples.dll not valid. Loading of assembly skipped.
Assembly Unity.Collections.PerformanceTests.dll at Library/ScriptAssemblies/Unity.Collections.PerformanceTests.dll not valid. Loading of assembly skipped.
Assembly Unity.Collections.Tests.dll at Library/ScriptAssemblies/Unity.Collections.Tests.dll not valid. Loading of assembly skipped.
Assembly Unity.Collections.Tests.Playmode.dll at Library/ScriptAssemblies/Unity.Collections.Tests.Playmode.dll not valid. Loading of assembly skipped.
Assembly Unity.InputSystem.IntegrationTests.dll at Library/ScriptAssemblies/Unity.InputSystem.IntegrationTests.dll not valid. Loading of assembly skipped.
Assembly Unity.Mathematics.Tests.dll at Library/ScriptAssemblies/Unity.Mathematics.Tests.dll not valid. Loading of assembly skipped.
Assembly Unity.Multiplayer.Center.Editor.Tests.dll at Library/ScriptAssemblies/Unity.Multiplayer.Center.Editor.Tests.dll not valid. Loading of assembly skipped.
Assembly Unity.Multiplayer.Center.Tests.dll at Library/ScriptAssemblies/Unity.Multiplayer.Center.Tests.dll not valid. Loading of assembly skipped.
Assembly Unity.Nuget.Mono-Cecil.dll at Library/ScriptAssemblies/Unity.Nuget.Mono-Cecil.dll not valid. Loading of assembly skipped.
Assembly Unity.PathTracing.Editor.Tests.dll at Library/ScriptAssemblies/Unity.PathTracing.Editor.Tests.dll not valid. Loading of assembly skipped.
Assembly Unity.PathTracing.Runtime.Tests.dll at Library/ScriptAssemblies/Unity.PathTracing.Runtime.Tests.dll not valid. Loading of assembly skipped.
Assembly Unity.RenderPipelines.Core.Editor.Tests.dll at Library/ScriptAssemblies/Unity.RenderPipelines.Core.Editor.Tests.dll not valid. Loading of assembly skipped.
Assembly Unity.RenderPipelines.Core.Runtime.Tests.dll at Library/ScriptAssemblies/Unity.RenderPipelines.Core.Runtime.Tests.dll not valid. Loading of assembly skipped.
Assembly Unity.RenderPipelines.Universal.Config.Editor.Tests.dll at Library/ScriptAssemblies/Unity.RenderPipelines.Universal.Config.Editor.Tests.dll not valid. Loading of assembly skipped.
Assembly Unity.RenderPipelines.Universal.Editor.Tests.dll at Library/ScriptAssemblies/Unity.RenderPipelines.Universal.Editor.Tests.dll not valid. Loading of assembly skipped.
Assembly Unity.RenderPipelines.Universal.Runtime.Tests.dll at Library/ScriptAssemblies/Unity.RenderPipelines.Universal.Runtime.Tests.dll not valid. Loading of assembly skipped.
Assembly Unity.Searcher.EditorTests.dll at Library/ScriptAssemblies/Unity.Searcher.EditorTests.dll not valid. Loading of assembly skipped.
Assembly Unity.ShaderGraph.Editor.Tests.dll at Library/ScriptAssemblies/Unity.ShaderGraph.Editor.Tests.dll not valid. Loading of assembly skipped.
Assembly Unity.Sysroot.EditorTests.dll at Library/ScriptAssemblies/Unity.Sysroot.EditorTests.dll not valid. Loading of assembly skipped.
Assembly Unity.Sysroot.Linux_x86_64.EditorTests.dll at Library/ScriptAssemblies/Unity.Sysroot.Linux_x86_64.EditorTests.dll not valid. Loading of assembly skipped.
Assembly Unity.TextMeshPro.Editor.Tests.dll at Library/ScriptAssemblies/Unity.TextMeshPro.Editor.Tests.dll not valid. Loading of assembly skipped.
Assembly Unity.TextMeshPro.Tests.dll at Library/ScriptAssemblies/Unity.TextMeshPro.Tests.dll not valid. Loading of assembly skipped.
Assembly Unity.Toolchain.Linux-x86_64-Linux.EditorTests.dll at Library/ScriptAssemblies/Unity.Toolchain.Linux-x86_64-Linux.EditorTests.dll not valid. Loading of assembly skipped.
Assembly Unity.UnifiedRayTracing.Editor.Tests.dll at Library/ScriptAssemblies/Unity.UnifiedRayTracing.Editor.Tests.dll not valid. Loading of assembly skipped.
Assembly UnityEditor.UI.Common.Tests.dll at Library/ScriptAssemblies/UnityEditor.UI.Common.Tests.dll not valid. Loading of assembly skipped.
Assembly UnityEditor.UI.EditorTests.dll at Library/ScriptAssemblies/UnityEditor.UI.EditorTests.dll not valid. Loading of assembly skipped.
Assembly UnityEngine.UI.Tests.dll at Library/ScriptAssemblies/UnityEngine.UI.Tests.dll not valid. Loading of assembly skipped.
Native extension for LinuxStandalone target not found
Native extension for WindowsStandalone target not found
[Package Manager] Failed to launch server process. Reason: Unity was launched with the -noUpm command-line argument
[Package Manager] Unable to send message (not connected to server process).
[Package Manager] Cannot connect to Unity Package Manager local server
[Package Manager] Failed to launch server process. Reason: Unity was launched with the -noUpm command-line argument
[Package Manager] Unable to send message (not connected to server process).
[Package Manager] Cannot connect to Unity Package Manager local server
ScheduleIndexationOnStartup MainProcess:False IndexOnStartup:True
Mono: successfully reloaded assembly
- Finished resetting the current domain, in  0.457 seconds
Domain Reload Profiling: 880ms
	BeginReloadAssembly (118ms)
		DisableScriptedObjects (3ms)
		CreateAndSetChildDomain (51ms)
	RebuildCommonClasses (29ms)
	RebuildNativeTypeToScriptingClass (5ms)
	initialDomainReloadingComplete (23ms)
	LoadAllAssembliesAndSetupDomain (249ms)
		LoadAssemblies (140ms)
		AnalyzeDomain (129ms)
			TypeCache.Refresh (7ms)
			BuildScriptInfoCaches (114ms)
			ResolveRequiredComponents (7ms)
	FinalizeReload (457ms)
		SetupLoadedEditorAssemblies (0ms)
			InitializePlatformSupportModulesInManaged (6ms)
			BeforeProcessingInitializeOnLoad (103ms)
			ProcessInitializeOnLoadAttributes (170ms)
			ProcessInitializeOnLoadMethodAttributes (47ms)
		AwakeInstancesAfterBackupRestoration (8ms)
Unloading 24 Unused Serialized files (Serialized files now loaded: 0)
Unloading 6547 unused Assets / (4.9 MB). Loaded Objects now: 7390.
Memory consumption went from 201.0 MB to 196.1 MB.
Total: 6.870815 ms (FindLiveObjects: 0.737363 ms CreateObjectMapping: 0.223432 ms MarkObjects: 4.369933 ms  DeleteObjects: 1.539407 ms)

Prepare: number of updated asset objects reloaded= 0
========================================================================
Received Prepare
Unloading 24 Unused Serialized files (Serialized files now loaded: 0)
Unloading 6536 unused Assets / (5.8 MB). Loaded Objects now: 7390.
Memory consumption went from 201.2 MB to 195.4 MB.
Total: 21.335292 ms (FindLiveObjects: 0.927842 ms CreateObjectMapping: 0.853522 ms MarkObjects: 14.498821 ms  DeleteObjects: 5.052962 ms)

Prepare: number of updated asset objects reloaded= 0
========================================================================
Received Prepare
Unloading 24 Unused Serialized files (Serialized files now loaded: 0)
Unloading 6536 unused Assets / (4.8 MB). Loaded Objects now: 7390.
Memory consumption went from 201.3 MB to 196.5 MB.
Total: 8.100027 ms (FindLiveObjects: 0.673292 ms CreateObjectMapping: 0.547654 ms MarkObjects: 4.545244 ms  DeleteObjects: 2.332626 ms)

Prepare: number of updated asset objects reloaded= 0
========================================================================
Received Prepare
Unloading 24 Unused Serialized files (Serialized files now loaded: 0)
Unloading 6536 unused Assets / (6.1 MB). Loaded Objects now: 7390.
Memory consumption went from 201.4 MB to 195.3 MB.
Total: 14.670385 ms (FindLiveObjects: 1.005119 ms CreateObjectMapping: 0.985240 ms MarkObjects: 8.632243 ms  DeleteObjects: 4.046151 ms)

Prepare: number of updated asset objects reloaded= 0
========================================================================
Received Prepare
Unloading 24 Unused Serialized files (Serialized files now loaded: 0)
Unloading 6536 unused Assets / (5.7 MB). Loaded Objects now: 7390.
Memory consumption went from 201.5 MB to 195.7 MB.
Total: 8.376730 ms (FindLiveObjects: 0.635079 ms CreateObjectMapping: 0.586839 ms MarkObjects: 4.450484 ms  DeleteObjects: 2.703526 ms)

Prepare: number of updated asset objects reloaded= 0
========================================================================
Received Prepare
Begin MonoManager ReloadAssembly
[Licensing::Client] Successfully resolved entitlement details
Assembly Assembly-CSharp-Editor-firstpass.dll at Library/ScriptAssemblies/Assembly-CSharp-Editor-firstpass.dll not valid. Loading of assembly skipped.
Assembly Assembly-CSharp-firstpass.dll at Library/ScriptAssemblies/Assembly-CSharp-firstpass.dll not valid. Loading of assembly skipped.
Assembly DocCodeExamples.dll at Library/ScriptAssemblies/DocCodeExamples.dll not valid. Loading of assembly skipped.
Assembly TestNewCustomAssembly.dll at Library/ScriptAssemblies/TestNewCustomAssembly.dll not valid. Loading of assembly skipped.
Assembly Unity.Collections.BurstCompatibilityGen.dll at Library/ScriptAssemblies/Unity.Collections.BurstCompatibilityGen.dll not valid. Loading of assembly skipped.
Assembly Unity.Collections.DocCodeSamples.dll at Library/ScriptAssemblies/Unity.Collections.DocCodeSamples.dll not valid. Loading of assembly skipped.
Assembly Unity.Collections.PerformanceTests.dll at Library/ScriptAssemblies/Unity.Collections.PerformanceTests.dll not valid. Loading of assembly skipped.
Assembly Unity.Collections.Tests.dll at Library/ScriptAssemblies/Unity.Collections.Tests.dll not valid. Loading of assembly skipped.
Assembly Unity.Collections.Tests.Playmode.dll at Library/ScriptAssemblies/Unity.Collections.Tests.Playmode.dll not valid. Loading of assembly skipped.
Assembly Unity.InputSystem.IntegrationTests.dll at Library/ScriptAssemblies/Unity.InputSystem.IntegrationTests.dll not valid. Loading of assembly skipped.
Assembly Unity.Mathematics.Tests.dll at Library/ScriptAssemblies/Unity.Mathematics.Tests.dll not valid. Loading of assembly skipped.
Assembly Unity.Multiplayer.Center.Editor.Tests.dll at Library/ScriptAssemblies/Unity.Multiplayer.Center.Editor.Tests.dll not valid. Loading of assembly skipped.
Assembly Unity.Multiplayer.Center.Tests.dll at Library/ScriptAssemblies/Unity.Multiplayer.Center.Tests.dll not valid. Loading of assembly skipped.
Assembly Unity.Nuget.Mono-Cecil.dll at Library/ScriptAssemblies/Unity.Nuget.Mono-Cecil.dll not valid. Loading of assembly skipped.
Assembly Unity.PathTracing.Editor.Tests.dll at Library/ScriptAssemblies/Unity.PathTracing.Editor.Tests.dll not valid. Loading of assembly skipped.
Assembly Unity.PathTracing.Runtime.Tests.dll at Library/ScriptAssemblies/Unity.PathTracing.Runtime.Tests.dll not valid. Loading of assembly skipped.
Assembly Unity.RenderPipelines.Core.Editor.Tests.dll at Library/ScriptAssemblies/Unity.RenderPipelines.Core.Editor.Tests.dll not valid. Loading of assembly skipped.
Assembly Unity.RenderPipelines.Core.Runtime.Tests.dll at Library/ScriptAssemblies/Unity.RenderPipelines.Core.Runtime.Tests.dll not valid. Loading of assembly skipped.
Assembly Unity.RenderPipelines.Universal.Config.Editor.Tests.dll at Library/ScriptAssemblies/Unity.RenderPipelines.Universal.Config.Editor.Tests.dll not valid. Loading of assembly skipped.
Assembly Unity.RenderPipelines.Universal.Editor.Tests.dll at Library/ScriptAssemblies/Unity.RenderPipelines.Universal.Editor.Tests.dll not valid. Loading of assembly skipped.
Assembly Unity.RenderPipelines.Universal.Runtime.Tests.dll at Library/ScriptAssemblies/Unity.RenderPipelines.Universal.Runtime.Tests.dll not valid. Loading of assembly skipped.
Assembly Unity.Searcher.EditorTests.dll at Library/ScriptAssemblies/Unity.Searcher.EditorTests.dll not valid. Loading of assembly skipped.
Assembly Unity.ShaderGraph.Editor.Tests.dll at Library/ScriptAssemblies/Unity.ShaderGraph.Editor.Tests.dll not valid. Loading of assembly skipped.
Assembly Unity.Sysroot.EditorTests.dll at Library/ScriptAssemblies/Unity.Sysroot.EditorTests.dll not valid. Loading of assembly skipped.
Assembly Unity.Sysroot.Linux_x86_64.EditorTests.dll at Library/ScriptAssemblies/Unity.Sysroot.Linux_x86_64.EditorTests.dll not valid. Loading of assembly skipped.
Assembly Unity.TextMeshPro.Editor.Tests.dll at Library/ScriptAssemblies/Unity.TextMeshPro.Editor.Tests.dll not valid. Loading of assembly skipped.
Assembly Unity.TextMeshPro.Tests.dll at Library/ScriptAssemblies/Unity.TextMeshPro.Tests.dll not valid. Loading of assembly skipped.
Assembly Unity.Toolchain.Linux-x86_64-Linux.EditorTests.dll at Library/ScriptAssemblies/Unity.Toolchain.Linux-x86_64-Linux.EditorTests.dll not valid. Loading of assembly skipped.
Assembly Unity.UnifiedRayTracing.Editor.Tests.dll at Library/ScriptAssemblies/Unity.UnifiedRayTracing.Editor.Tests.dll not valid. Loading of assembly skipped.
Assembly UnityEditor.UI.Common.Tests.dll at Library/ScriptAssemblies/UnityEditor.UI.Common.Tests.dll not valid. Loading of assembly skipped.
Assembly UnityEditor.UI.EditorTests.dll at Library/ScriptAssemblies/UnityEditor.UI.EditorTests.dll not valid. Loading of assembly skipped.
Assembly UnityEngine.UI.Tests.dll at Library/ScriptAssemblies/UnityEngine.UI.Tests.dll not valid. Loading of assembly skipped.
Native extension for LinuxStandalone target not found
Native extension for WindowsStandalone target not found
[Package Manager] Failed to launch server process. Reason: Unity was launched with the -noUpm command-line argument
[Package Manager] Unable to send message (not connected to server process).
[Package Manager] Cannot connect to Unity Package Manager local server
[Package Manager] Failed to launch server process. Reason: Unity was launched with the -noUpm command-line argument
[Package Manager] Unable to send message (not connected to server process).
[Package Manager] Cannot connect to Unity Package Manager local server
ScheduleIndexationOnStartup MainProcess:False IndexOnStartup:True
Mono: successfully reloaded assembly
- Finished resetting the current domain, in  0.541 seconds
Domain Reload Profiling: 987ms
	BeginReloadAssembly (120ms)
		DisableScriptedObjects (4ms)
		CreateAndSetChildDomain (48ms)
	RebuildCommonClasses (32ms)
	RebuildNativeTypeToScriptingClass (6ms)
	initialDomainReloadingComplete (24ms)
	LoadAllAssembliesAndSetupDomain (264ms)
		LoadAssemblies (164ms)
		AnalyzeDomain (125ms)
			TypeCache.Refresh (7ms)
			BuildScriptInfoCaches (110ms)
			ResolveRequiredComponents (6ms)
	FinalizeReload (542ms)
		SetupLoadedEditorAssemblies (0ms)
			InitializePlatformSupportModulesInManaged (6ms)
			BeforeProcessingInitializeOnLoad (105ms)
			ProcessInitializeOnLoadAttributes (226ms)
			ProcessInitializeOnLoadMethodAttributes (54ms)
			AfterProcessingInitializeOnLoad (3ms)
		AwakeInstancesAfterBackupRestoration (9ms)
Unloading 24 Unused Serialized files (Serialized files now loaded: 0)
Unloading 6547 unused Assets / (4.9 MB). Loaded Objects now: 7393.
Memory consumption went from 201.4 MB to 196.5 MB.
Total: 8.024604 ms (FindLiveObjects: 0.763001 ms CreateObjectMapping: 0.278747 ms MarkObjects: 4.752154 ms  DeleteObjects: 2.229440 ms)

Prepare: number of updated asset objects reloaded= 0
========================================================================
Received Prepare
Begin MonoManager ReloadAssembly
Assembly Assembly-CSharp-Editor-firstpass.dll at Library/ScriptAssemblies/Assembly-CSharp-Editor-firstpass.dll not valid. Loading of assembly skipped.
Assembly Assembly-CSharp-firstpass.dll at Library/ScriptAssemblies/Assembly-CSharp-firstpass.dll not valid. Loading of assembly skipped.
Assembly DocCodeExamples.dll at Library/ScriptAssemblies/DocCodeExamples.dll not valid. Loading of assembly skipped.
Assembly TestNewCustomAssembly.dll at Library/ScriptAssemblies/TestNewCustomAssembly.dll not valid. Loading of assembly skipped.
Assembly Unity.Collections.BurstCompatibilityGen.dll at Library/ScriptAssemblies/Unity.Collections.BurstCompatibilityGen.dll not valid. Loading of assembly skipped.
Assembly Unity.Collections.DocCodeSamples.dll at Library/ScriptAssemblies/Unity.Collections.DocCodeSamples.dll not valid. Loading of assembly skipped.
Assembly Unity.Collections.PerformanceTests.dll at Library/ScriptAssemblies/Unity.Collections.PerformanceTests.dll not valid. Loading of assembly skipped.
Assembly Unity.Collections.Tests.dll at Library/ScriptAssemblies/Unity.Collections.Tests.dll not valid. Loading of assembly skipped.
Assembly Unity.Collections.Tests.Playmode.dll at Library/ScriptAssemblies/Unity.Collections.Tests.Playmode.dll not valid. Loading of assembly skipped.
Assembly Unity.InputSystem.IntegrationTests.dll at Library/ScriptAssemblies/Unity.InputSystem.IntegrationTests.dll not valid. Loading of assembly skipped.
Assembly Unity.Mathematics.Tests.dll at Library/ScriptAssemblies/Unity.Mathematics.Tests.dll not valid. Loading of assembly skipped.
Assembly Unity.Multiplayer.Center.Editor.Tests.dll at Library/ScriptAssemblies/Unity.Multiplayer.Center.Editor.Tests.dll not valid. Loading of assembly skipped.
Assembly Unity.Multiplayer.Center.Tests.dll at Library/ScriptAssemblies/Unity.Multiplayer.Center.Tests.dll not valid. Loading of assembly skipped.
Assembly Unity.Nuget.Mono-Cecil.dll at Library/ScriptAssemblies/Unity.Nuget.Mono-Cecil.dll not valid. Loading of assembly skipped.
Assembly Unity.PathTracing.Editor.Tests.dll at Library/ScriptAssemblies/Unity.PathTracing.Editor.Tests.dll not valid. Loading of assembly skipped.
Assembly Unity.PathTracing.Runtime.Tests.dll at Library/ScriptAssemblies/Unity.PathTracing.Runtime.Tests.dll not valid. Loading of assembly skipped.
Assembly Unity.RenderPipelines.Core.Editor.Tests.dll at Library/ScriptAssemblies/Unity.RenderPipelines.Core.Editor.Tests.dll not valid. Loading of assembly skipped.
Assembly Unity.RenderPipelines.Core.Runtime.Tests.dll at Library/ScriptAssemblies/Unity.RenderPipelines.Core.Runtime.Tests.dll not valid. Loading of assembly skipped.
Assembly Unity.RenderPipelines.Universal.Config.Editor.Tests.dll at Library/ScriptAssemblies/Unity.RenderPipelines.Universal.Config.Editor.Tests.dll not valid. Loading of assembly skipped.
Assembly Unity.RenderPipelines.Universal.Editor.Tests.dll at Library/ScriptAssemblies/Unity.RenderPipelines.Universal.Editor.Tests.dll not valid. Loading of assembly skipped.
Assembly Unity.RenderPipelines.Universal.Runtime.Tests.dll at Library/ScriptAssemblies/Unity.RenderPipelines.Universal.Runtime.Tests.dll not valid. Loading of assembly skipped.
Assembly Unity.Searcher.EditorTests.dll at Library/ScriptAssemblies/Unity.Searcher.EditorTests.dll not valid. Loading of assembly skipped.
Assembly Unity.ShaderGraph.Editor.Tests.dll at Library/ScriptAssemblies/Unity.ShaderGraph.Editor.Tests.dll not valid. Loading of assembly skipped.
Assembly Unity.Sysroot.EditorTests.dll at Library/ScriptAssemblies/Unity.Sysroot.EditorTests.dll not valid. Loading of assembly skipped.
Assembly Unity.Sysroot.Linux_x86_64.EditorTests.dll at Library/ScriptAssemblies/Unity.Sysroot.Linux_x86_64.EditorTests.dll not valid. Loading of assembly skipped.
Assembly Unity.TextMeshPro.Editor.Tests.dll at Library/ScriptAssemblies/Unity.TextMeshPro.Editor.Tests.dll not valid. Loading of assembly skipped.
Assembly Unity.TextMeshPro.Tests.dll at Library/ScriptAssemblies/Unity.TextMeshPro.Tests.dll not valid. Loading of assembly skipped.
Assembly Unity.Toolchain.Linux-x86_64-Linux.EditorTests.dll at Library/ScriptAssemblies/Unity.Toolchain.Linux-x86_64-Linux.EditorTests.dll not valid. Loading of assembly skipped.
Assembly Unity.UnifiedRayTracing.Editor.Tests.dll at Library/ScriptAssemblies/Unity.UnifiedRayTracing.Editor.Tests.dll not valid. Loading of assembly skipped.
Assembly UnityEditor.UI.Common.Tests.dll at Library/ScriptAssemblies/UnityEditor.UI.Common.Tests.dll not valid. Loading of assembly skipped.
Assembly UnityEditor.UI.EditorTests.dll at Library/ScriptAssemblies/UnityEditor.UI.EditorTests.dll not valid. Loading of assembly skipped.
Assembly UnityEngine.UI.Tests.dll at Library/ScriptAssemblies/UnityEngine.UI.Tests.dll not valid. Loading of assembly skipped.
Native extension for LinuxStandalone target not found
Native extension for WindowsStandalone target not found
[Package Manager] Failed to launch server process. Reason: Unity was launched with the -noUpm command-line argument
[Package Manager] Unable to send message (not connected to server process).
[Package Manager] Cannot connect to Unity Package Manager local server
[Package Manager] Failed to launch server process. Reason: Unity was launched with the -noUpm command-line argument
[Package Manager] Unable to send message (not connected to server process).
[Package Manager] Cannot connect to Unity Package Manager local server
ScheduleIndexationOnStartup MainProcess:False IndexOnStartup:True
Mono: successfully reloaded assembly
- Finished resetting the current domain, in  0.496 seconds
Domain Reload Profiling: 933ms
	BeginReloadAssembly (113ms)
		DisableScriptedObjects (3ms)
		CreateAndSetChildDomain (50ms)
	RebuildCommonClasses (27ms)
	RebuildNativeTypeToScriptingClass (6ms)
	initialDomainReloadingComplete (24ms)
	LoadAllAssembliesAndSetupDomain (266ms)
		LoadAssemblies (155ms)
		AnalyzeDomain (131ms)
			TypeCache.Refresh (4ms)
			BuildScriptInfoCaches (119ms)
			ResolveRequiredComponents (6ms)
	FinalizeReload (497ms)
		SetupLoadedEditorAssemblies (0ms)
			InitializePlatformSupportModulesInManaged (6ms)
			BeforeProcessingInitializeOnLoad (103ms)
			ProcessInitializeOnLoadAttributes (176ms)
			ProcessInitializeOnLoadMethodAttributes (50ms)
			AfterProcessingInitializeOnLoad (3ms)
		AwakeInstancesAfterBackupRestoration (15ms)
Unloading 24 Unused Serialized files (Serialized files now loaded: 0)
Unloading 6547 unused Assets / (4.8 MB). Loaded Objects now: 7396.
Memory consumption went from 201.5 MB to 196.7 MB.
Total: 9.073646 ms (FindLiveObjects: 0.691025 ms CreateObjectMapping: 0.655358 ms MarkObjects: 5.121402 ms  DeleteObjects: 2.604709 ms)

Prepare: number of updated asset objects reloaded= 0
========================================================================
Received Import Request.
  Time since last request: 957.910129 seconds.
  path: Assets/ItemSelector.cs
  importAddress: Guid(3b9067fb1c020df78acc319c527668d9) Importer(2089858483,b0f066a214c2f5e87bad3c948f4d605d)
Start importing Assets/ItemSelector.cs using Guid(3b9067fb1c020df78acc319c527668d9) Importer(2089858483,b0f066a214c2f5e87bad3c948f4d605d) (ScriptedImporter) -> (Import Result ID: 'ab3395df6c1be99c43ddc25943f334b7') in 0.057513505 seconds [static and dynamic dependencies]. Details - ImportResultOutputID=5bd72f6df66d865231a5531e7b04c145 DependenciesID=8bff7ddad4a2fa437c62a535ac9982cf StaticDependenciesID=090610ae84004f7b3fcfb96241b8983e 
Number of updated asset objects reloaded before import = 0Number of asset objects unloaded after import = 0

========================================================================
Received Import Request.
  Time since last request: 0.000019 seconds.
  path: Assets/Crafting.cs
  importAddress: Guid(1d83c1a232b5452ff9a0296b80eb5573) Importer(2089858483,b0f066a214c2f5e87bad3c948f4d605d)
Start importing Assets/Crafting.cs using Guid(1d83c1a232b5452ff9a0296b80eb5573) Importer(2089858483,b0f066a214c2f5e87bad3c948f4d605d) (ScriptedImporter) -> (Import Result ID: 'ea0cea138945a0ffc71cb471b1ea2fc3') in 0.002131325 seconds [static and dynamic dependencies]. Details - ImportResultOutputID=541b640804c5d37db2debe7e961fc1b2 DependenciesID=d20f726ec36ef8236b3b1eb5d5d71ba6 StaticDependenciesID=7d072ec3ef7f366d2d0c07b67185a7ea 
Number of updated asset objects reloaded before import = 0Number of asset objects unloaded after import = 0

========================================================================
Received Prepare
Begin MonoManager ReloadAssembly
[Licensing::Client] Successfully resolved entitlement details
Assembly Assembly-CSharp-Editor-firstpass.dll at Library/ScriptAssemblies/Assembly-CSharp-Editor-firstpass.dll not valid. Loading of assembly skipped.
Assembly Assembly-CSharp-firstpass.dll at Library/ScriptAssemblies/Assembly-CSharp-firstpass.dll not valid. Loading of assembly skipped.
Assembly DocCodeExamples.dll at Library/ScriptAssemblies/DocCodeExamples.dll not valid. Loading of assembly skipped.
Assembly TestNewCustomAssembly.dll at Library/ScriptAssemblies/TestNewCustomAssembly.dll not valid. Loading of assembly skipped.
Assembly Unity.Collections.BurstCompatibilityGen.dll at Library/ScriptAssemblies/Unity.Collections.BurstCompatibilityGen.dll not valid. Loading of assembly skipped.
Assembly Unity.Collections.DocCodeSamples.dll at Library/ScriptAssemblies/Unity.Collections.DocCodeSamples.dll not valid. Loading of assembly skipped.
Assembly Unity.Collections.PerformanceTests.dll at Library/ScriptAssemblies/Unity.Collections.PerformanceTests.dll not valid. Loading of assembly skipped.
Assembly Unity.Collections.Tests.dll at Library/ScriptAssemblies/Unity.Collections.Tests.dll not valid. Loading of assembly skipped.
Assembly Unity.Collections.Tests.Playmode.dll at Library/ScriptAssemblies/Unity.Collections.Tests.Playmode.dll not valid. Loading of assembly skipped.
Assembly Unity.InputSystem.IntegrationTests.dll at Library/ScriptAssemblies/Unity.InputSystem.IntegrationTests.dll not valid. Loading of assembly skipped.
Assembly Unity.Mathematics.Tests.dll at Library/ScriptAssemblies/Unity.Mathematics.Tests.dll not valid. Loading of assembly skipped.
Assembly Unity.Multiplayer.Center.Editor.Tests.dll at Library/ScriptAssemblies/Unity.Multiplayer.Center.Editor.Tests.dll not valid. Loading of assembly skipped.
Assembly Unity.Multiplayer.Center.Tests.dll at Library/ScriptAssemblies/Unity.Multiplayer.Center.Tests.dll not valid. Loading of assembly skipped.
Assembly Unity.Nuget.Mono-Cecil.dll at Library/ScriptAssemblies/Unity.Nuget.Mono-Cecil.dll not valid. Loading of assembly skipped.
Assembly Unity.PathTracing.Editor.Tests.dll at Library/ScriptAssemblies/Unity.PathTracing.Editor.Tests.dll not valid. Loading of assembly skipped.
Assembly Unity.PathTracing.Runtime.Tests.dll at Library/ScriptAssemblies/Unity.PathTracing.Runtime.Tests.dll not valid. Loading of assembly skipped.
Assembly Unity.RenderPipelines.Core.Editor.Tests.dll at Library/ScriptAssemblies/Unity.RenderPipelines.Core.Editor.Tests.dll not valid. Loading of assembly skipped.
Assembly Unity.RenderPipelines.Core.Runtime.Tests.dll at Library/ScriptAssemblies/Unity.RenderPipelines.Core.Runtime.Tests.dll not valid. Loading of assembly skipped.
Assembly Unity.RenderPipelines.Universal.Config.Editor.Tests.dll at Library/ScriptAssemblies/Unity.RenderPipelines.Universal.Config.Editor.Tests.dll not valid. Loading of assembly skipped.
Assembly Unity.RenderPipelines.Universal.Editor.Tests.dll at Library/ScriptAssemblies/Unity.RenderPipelines.Universal.Editor.Tests.dll not valid. Loading of assembly skipped.
Assembly Unity.RenderPipelines.Universal.Runtime.Tests.dll at Library/ScriptAssemblies/Unity.RenderPipelines.Universal.Runtime.Tests.dll not valid. Loading of assembly skipped.
Assembly Unity.Searcher.EditorTests.dll at Library/ScriptAssemblies/Unity.Searcher.EditorTests.dll not valid. Loading of assembly skipped.
Assembly Unity.ShaderGraph.Editor.Tests.dll at Library/ScriptAssemblies/Unity.ShaderGraph.Editor.Tests.dll not valid. Loading of assembly skipped.
Assembly Unity.Sysroot.EditorTests.dll at Library/ScriptAssemblies/Unity.Sysroot.EditorTests.dll not valid. Loading of assembly skipped.
Assembly Unity.Sysroot.Linux_x86_64.EditorTests.dll at Library/ScriptAssemblies/Unity.Sysroot.Linux_x86_64.EditorTests.dll not valid. Loading of assembly skipped.
Assembly Unity.TextMeshPro.Editor.Tests.dll at Library/ScriptAssemblies/Unity.TextMeshPro.Editor.Tests.dll not valid. Loading of assembly skipped.
Assembly Unity.TextMeshPro.Tests.dll at Library/ScriptAssemblies/Unity.TextMeshPro.Tests.dll not valid. Loading of assembly skipped.
Assembly Unity.Toolchain.Linux-x86_64-Linux.EditorTests.dll at Library/ScriptAssemblies/Unity.Toolchain.Linux-x86_64-Linux.EditorTests.dll not valid. Loading of assembly skipped.
Assembly Unity.UnifiedRayTracing.Editor.Tests.dll at Library/ScriptAssemblies/Unity.UnifiedRayTracing.Editor.Tests.dll not valid. Loading of assembly skipped.
Assembly UnityEditor.UI.Common.Tests.dll at Library/ScriptAssemblies/UnityEditor.UI.Common.Tests.dll not valid. Loading of assembly skipped.
Assembly UnityEditor.UI.EditorTests.dll at Library/ScriptAssemblies/UnityEditor.UI.EditorTests.dll not valid. Loading of assembly skipped.
Assembly UnityEngine.UI.Tests.dll at Library/ScriptAssemblies/UnityEngine.UI.Tests.dll not valid. Loading of assembly skipped.
Native extension for LinuxStandalone target not found
Native extension for WindowsStandalone target not found
[Package Manager] Failed to launch server process. Reason: Unity was launched with the -noUpm command-line argument
[Package Manager] Unable to send message (not connected to server process).
[Package Manager] Cannot connect to Unity Package Manager local server
[Package Manager] Failed to launch server process. Reason: Unity was launched with the -noUpm command-line argument
[Package Manager] Unable to send message (not connected to server process).
[Package Manager] Cannot connect to Unity Package Manager local server
ScheduleIndexationOnStartup MainProcess:False IndexOnStartup:True
Mono: successfully reloaded assembly
- Finished resetting the current domain, in  0.493 seconds
Domain Reload Profiling: 904ms
	BeginReloadAssembly (103ms)
		DisableScriptedObjects (3ms)
		CreateAndSetChildDomain (36ms)
	RebuildCommonClasses (26ms)
	RebuildNativeTypeToScriptingClass (5ms)
	initialDomainReloadingComplete (22ms)
	LoadAllAssembliesAndSetupDomain (255ms)
		LoadAssemblies (152ms)
		AnalyzeDomain (123ms)
			TypeCache.Refresh (7ms)
			BuildScriptInfoCaches (108ms)
			ResolveRequiredComponents (7ms)
	FinalizeReload (493ms)
		SetupLoadedEditorAssemblies (0ms)
			InitializePlatformSupportModulesInManaged (6ms)
			BeforeProcessingInitializeOnLoad (129ms)
			ProcessInitializeOnLoadAttributes (178ms)
			ProcessInitializeOnLoadMethodAttributes (48ms)
		AwakeInstancesAfterBackupRestoration (9ms)
Unloading 24 Unused Serialized files (Serialized files now loaded: 0)
Unloading 6547 unused Assets / (6.0 MB). Loaded Objects now: 7401.
Memory consumption went from 202.5 MB to 196.5 MB.
Total: 10.401714 ms (FindLiveObjects: 0.956747 ms CreateObjectMapping: 0.621894 ms MarkObjects: 5.842874 ms  DeleteObjects: 2.978766 ms)

Prepare: number of updated asset objects reloaded= 0
========================================================================
Received Prepare
Begin MonoManager ReloadAssembly
Assembly Assembly-CSharp-Editor-firstpass.dll at Library/ScriptAssemblies/Assembly-CSharp-Editor-firstpass.dll not valid. Loading of assembly skipped.
Assembly Assembly-CSharp-firstpass.dll at Library/ScriptAssemblies/Assembly-CSharp-firstpass.dll not valid. Loading of assembly skipped.
Assembly DocCodeExamples.dll at Library/ScriptAssemblies/DocCodeExamples.dll not valid. Loading of assembly skipped.
Assembly TestNewCustomAssembly.dll at Library/ScriptAssemblies/TestNewCustomAssembly.dll not valid. Loading of assembly skipped.
Assembly Unity.Collections.BurstCompatibilityGen.dll at Library/ScriptAssemblies/Unity.Collections.BurstCompatibilityGen.dll not valid. Loading of assembly skipped.
Assembly Unity.Collections.DocCodeSamples.dll at Library/ScriptAssemblies/Unity.Collections.DocCodeSamples.dll not valid. Loading of assembly skipped.
Assembly Unity.Collections.PerformanceTests.dll at Library/ScriptAssemblies/Unity.Collections.PerformanceTests.dll not valid. Loading of assembly skipped.
Assembly Unity.Collections.Tests.dll at Library/ScriptAssemblies/Unity.Collections.Tests.dll not valid. Loading of assembly skipped.
Assembly Unity.Collections.Tests.Playmode.dll at Library/ScriptAssemblies/Unity.Collections.Tests.Playmode.dll not valid. Loading of assembly skipped.
Assembly Unity.InputSystem.IntegrationTests.dll at Library/ScriptAssemblies/Unity.InputSystem.IntegrationTests.dll not valid. Loading of assembly skipped.
Assembly Unity.Mathematics.Tests.dll at Library/ScriptAssemblies/Unity.Mathematics.Tests.dll not valid. Loading of assembly skipped.
Assembly Unity.Multiplayer.Center.Editor.Tests.dll at Library/ScriptAssemblies/Unity.Multiplayer.Center.Editor.Tests.dll not valid. Loading of assembly skipped.
Assembly Unity.Multiplayer.Center.Tests.dll at Library/ScriptAssemblies/Unity.Multiplayer.Center.Tests.dll not valid. Loading of assembly skipped.
Assembly Unity.Nuget.Mono-Cecil.dll at Library/ScriptAssemblies/Unity.Nuget.Mono-Cecil.dll not valid. Loading of assembly skipped.
Assembly Unity.PathTracing.Editor.Tests.dll at Library/ScriptAssemblies/Unity.PathTracing.Editor.Tests.dll not valid. Loading of assembly skipped.
Assembly Unity.PathTracing.Runtime.Tests.dll at Library/ScriptAssemblies/Unity.PathTracing.Runtime.Tests.dll not valid. Loading of assembly skipped.
Assembly Unity.RenderPipelines.Core.Editor.Tests.dll at Library/ScriptAssemblies/Unity.RenderPipelines.Core.Editor.Tests.dll not valid. Loading of assembly skipped.
Assembly Unity.RenderPipelines.Core.Runtime.Tests.dll at Library/ScriptAssemblies/Unity.RenderPipelines.Core.Runtime.Tests.dll not valid. Loading of assembly skipped.
Assembly Unity.RenderPipelines.Universal.Config.Editor.Tests.dll at Library/ScriptAssemblies/Unity.RenderPipelines.Universal.Config.Editor.Tests.dll not valid. Loading of assembly skipped.
Assembly Unity.RenderPipelines.Universal.Editor.Tests.dll at Library/ScriptAssemblies/Unity.RenderPipelines.Universal.Editor.Tests.dll not valid. Loading of assembly skipped.
Assembly Unity.RenderPipelines.Universal.Runtime.Tests.dll at Library/ScriptAssemblies/Unity.RenderPipelines.Universal.Runtime.Tests.dll not valid. Loading of assembly skipped.
Assembly Unity.Searcher.EditorTests.dll at Library/ScriptAssemblies/Unity.Searcher.EditorTests.dll not valid. Loading of assembly skipped.
Assembly Unity.ShaderGraph.Editor.Tests.dll at Library/ScriptAssemblies/Unity.ShaderGraph.Editor.Tests.dll not valid. Loading of assembly skipped.
Assembly Unity.Sysroot.EditorTests.dll at Library/ScriptAssemblies/Unity.Sysroot.EditorTests.dll not valid. Loading of assembly skipped.
Assembly Unity.Sysroot.Linux_x86_64.EditorTests.dll at Library/ScriptAssemblies/Unity.Sysroot.Linux_x86_64.EditorTests.dll not valid. Loading of assembly skipped.
Assembly Unity.TextMeshPro.Editor.Tests.dll at Library/ScriptAssemblies/Unity.TextMeshPro.Editor.Tests.dll not valid. Loading of assembly skipped.
Assembly Unity.TextMeshPro.Tests.dll at Library/ScriptAssemblies/Unity.TextMeshPro.Tests.dll not valid. Loading of assembly skipped.
Assembly Unity.Toolchain.Linux-x86_64-Linux.EditorTests.dll at Library/ScriptAssemblies/Unity.Toolchain.Linux-x86_64-Linux.EditorTests.dll not valid. Loading of assembly skipped.
Assembly Unity.UnifiedRayTracing.Editor.Tests.dll at Library/ScriptAssemblies/Unity.UnifiedRayTracing.Editor.Tests.dll not valid. Loading of assembly skipped.
Assembly UnityEditor.UI.Common.Tests.dll at Library/ScriptAssemblies/UnityEditor.UI.Common.Tests.dll not valid. Loading of assembly skipped.
Assembly UnityEditor.UI.EditorTests.dll at Library/ScriptAssemblies/UnityEditor.UI.EditorTests.dll not valid. Loading of assembly skipped.
Assembly UnityEngine.UI.Tests.dll at Library/ScriptAssemblies/UnityEngine.UI.Tests.dll not valid. Loading of assembly skipped.
Native extension for LinuxStandalone target not found
Native extension for WindowsStandalone target not found
[Package Manager] Failed to launch server process. Reason: Unity was launched with the -noUpm command-line argument
[Package Manager] Unable to send message (not connected to server process).
[Package Manager] Cannot connect to Unity Package Manager local server
[Package Manager] Failed to launch server process. Reason: Unity was launched with the -noUpm command-line argument
[Package Manager] Unable to send message (not connected to server process).
[Package Manager] Cannot connect to Unity Package Manager local server
ScheduleIndexationOnStartup MainProcess:False IndexOnStartup:True
Mono: successfully reloaded assembly
- Finished resetting the current domain, in  0.693 seconds
Domain Reload Profiling: 1288ms
	BeginReloadAssembly (138ms)
		DisableScriptedObjects (4ms)
		CreateAndSetChildDomain (52ms)
	RebuildCommonClasses (32ms)
	RebuildNativeTypeToScriptingClass (6ms)
	initialDomainReloadingComplete (32ms)
	LoadAllAssembliesAndSetupDomain (387ms)
		LoadAssemblies (229ms)
		AnalyzeDomain (183ms)
			TypeCache.Refresh (15ms)
			BuildScriptInfoCaches (156ms)
			ResolveRequiredComponents (10ms)
	FinalizeReload (693ms)
		SetupLoadedEditorAssemblies (0ms)
			InitializePlatformSupportModulesInManaged (10ms)
			BeforeProcessingInitializeOnLoad (140ms)
			ProcessInitializeOnLoadAttributes (272ms)
			ProcessInitializeOnLoadMethodAttributes (77ms)
		AwakeInstancesAfterBackupRestoration (13ms)
Unloading 24 Unused Serialized files (Serialized files now loaded: 0)
Unloading 6547 unused Assets / (5.8 MB). Loaded Objects now: 7404.
Memory consumption went from 202.6 MB to 196.7 MB.
Total: 10.042406 ms (FindLiveObjects: 0.845527 ms CreateObjectMapping: 0.417759 ms MarkObjects: 5.936030 ms  DeleteObjects: 2.840594 ms)

Prepare: number of updated asset objects reloaded= 0
========================================================================
Received Prepare
Begin MonoManager ReloadAssembly
[Licensing::Client] Successfully resolved entitlement details
Assembly Assembly-CSharp-Editor-firstpass.dll at Library/ScriptAssemblies/Assembly-CSharp-Editor-firstpass.dll not valid. Loading of assembly skipped.
Assembly Assembly-CSharp-firstpass.dll at Library/ScriptAssemblies/Assembly-CSharp-firstpass.dll not valid. Loading of assembly skipped.
Assembly DocCodeExamples.dll at Library/ScriptAssemblies/DocCodeExamples.dll not valid. Loading of assembly skipped.
Assembly TestNewCustomAssembly.dll at Library/ScriptAssemblies/TestNewCustomAssembly.dll not valid. Loading of assembly skipped.
Assembly Unity.Collections.BurstCompatibilityGen.dll at Library/ScriptAssemblies/Unity.Collections.BurstCompatibilityGen.dll not valid. Loading of assembly skipped.
Assembly Unity.Collections.DocCodeSamples.dll at Library/ScriptAssemblies/Unity.Collections.DocCodeSamples.dll not valid. Loading of assembly skipped.
Assembly Unity.Collections.PerformanceTests.dll at Library/ScriptAssemblies/Unity.Collections.PerformanceTests.dll not valid. Loading of assembly skipped.
Assembly Unity.Collections.Tests.dll at Library/ScriptAssemblies/Unity.Collections.Tests.dll not valid. Loading of assembly skipped.
Assembly Unity.Collections.Tests.Playmode.dll at Library/ScriptAssemblies/Unity.Collections.Tests.Playmode.dll not valid. Loading of assembly skipped.
Assembly Unity.InputSystem.IntegrationTests.dll at Library/ScriptAssemblies/Unity.InputSystem.IntegrationTests.dll not valid. Loading of assembly skipped.
Assembly Unity.Mathematics.Tests.dll at Library/ScriptAssemblies/Unity.Mathematics.Tests.dll not valid. Loading of assembly skipped.
Assembly Unity.Multiplayer.Center.Editor.Tests.dll at Library/ScriptAssemblies/Unity.Multiplayer.Center.Editor.Tests.dll not valid. Loading of assembly skipped.
Assembly Unity.Multiplayer.Center.Tests.dll at Library/ScriptAssemblies/Unity.Multiplayer.Center.Tests.dll not valid. Loading of assembly skipped.
Assembly Unity.Nuget.Mono-Cecil.dll at Library/ScriptAssemblies/Unity.Nuget.Mono-Cecil.dll not valid. Loading of assembly skipped.
Assembly Unity.PathTracing.Editor.Tests.dll at Library/ScriptAssemblies/Unity.PathTracing.Editor.Tests.dll not valid. Loading of assembly skipped.
Assembly Unity.PathTracing.Runtime.Tests.dll at Library/ScriptAssemblies/Unity.PathTracing.Runtime.Tests.dll not valid. Loading of assembly skipped.
Assembly Unity.RenderPipelines.Core.Editor.Tests.dll at Library/ScriptAssemblies/Unity.RenderPipelines.Core.Editor.Tests.dll not valid. Loading of assembly skipped.
Assembly Unity.RenderPipelines.Core.Runtime.Tests.dll at Library/ScriptAssemblies/Unity.RenderPipelines.Core.Runtime.Tests.dll not valid. Loading of assembly skipped.
Assembly Unity.RenderPipelines.Universal.Config.Editor.Tests.dll at Library/ScriptAssemblies/Unity.RenderPipelines.Universal.Config.Editor.Tests.dll not valid. Loading of assembly skipped.
Assembly Unity.RenderPipelines.Universal.Editor.Tests.dll at Library/ScriptAssemblies/Unity.RenderPipelines.Universal.Editor.Tests.dll not valid. Loading of assembly skipped.
Assembly Unity.RenderPipelines.Universal.Runtime.Tests.dll at Library/ScriptAssemblies/Unity.RenderPipelines.Universal.Runtime.Tests.dll not valid. Loading of assembly skipped.
Assembly Unity.Searcher.EditorTests.dll at Library/ScriptAssemblies/Unity.Searcher.EditorTests.dll not valid. Loading of assembly skipped.
Assembly Unity.ShaderGraph.Editor.Tests.dll at Library/ScriptAssemblies/Unity.ShaderGraph.Editor.Tests.dll not valid. Loading of assembly skipped.
Assembly Unity.Sysroot.EditorTests.dll at Library/ScriptAssemblies/Unity.Sysroot.EditorTests.dll not valid. Loading of assembly skipped.
Assembly Unity.Sysroot.Linux_x86_64.EditorTests.dll at Library/ScriptAssemblies/Unity.Sysroot.Linux_x86_64.EditorTests.dll not valid. Loading of assembly skipped.
Assembly Unity.TextMeshPro.Editor.Tests.dll at Library/ScriptAssemblies/Unity.TextMeshPro.Editor.Tests.dll not valid. Loading of assembly skipped.
Assembly Unity.TextMeshPro.Tests.dll at Library/ScriptAssemblies/Unity.TextMeshPro.Tests.dll not valid. Loading of assembly skipped.
Assembly Unity.Toolchain.Linux-x86_64-Linux.EditorTests.dll at Library/ScriptAssemblies/Unity.Toolchain.Linux-x86_64-Linux.EditorTests.dll not valid. Loading of assembly skipped.
Assembly Unity.UnifiedRayTracing.Editor.Tests.dll at Library/ScriptAssemblies/Unity.UnifiedRayTracing.Editor.Tests.dll not valid. Loading of assembly skipped.
Assembly UnityEditor.UI.Common.Tests.dll at Library/ScriptAssemblies/UnityEditor.UI.Common.Tests.dll not valid. Loading of assembly skipped.
Assembly UnityEditor.UI.EditorTests.dll at Library/ScriptAssemblies/UnityEditor.UI.EditorTests.dll not valid. Loading of assembly skipped.
Assembly UnityEngine.UI.Tests.dll at Library/ScriptAssemblies/UnityEngine.UI.Tests.dll not valid. Loading of assembly skipped.
Native extension for LinuxStandalone target not found
Native extension for WindowsStandalone target not found
[Package Manager] Failed to launch server process. Reason: Unity was launched with the -noUpm command-line argument
[Package Manager] Unable to send message (not connected to server process).
[Package Manager] Cannot connect to Unity Package Manager local server
[Package Manager] Failed to launch server process. Reason: Unity was launched with the -noUpm command-line argument
[Package Manager] Unable to send message (not connected to server process).
[Package Manager] Cannot connect to Unity Package Manager local server
ScheduleIndexationOnStartup MainProcess:False IndexOnStartup:True
Mono: successfully reloaded assembly
- Finished resetting the current domain, in  0.447 seconds
Domain Reload Profiling: 878ms
	BeginReloadAssembly (118ms)
		DisableScriptedObjects (3ms)
		CreateAndSetChildDomain (51ms)
	RebuildCommonClasses (28ms)
	RebuildNativeTypeToScriptingClass (5ms)
	initialDomainReloadingComplete (24ms)
	LoadAllAssembliesAndSetupDomain (254ms)
		LoadAssemblies (147ms)
		AnalyzeDomain (130ms)
			TypeCache.Refresh (5ms)
			BuildScriptInfoCaches (117ms)
			ResolveRequiredComponents (7ms)
	FinalizeReload (448ms)
		SetupLoadedEditorAssemblies (0ms)
			InitializePlatformSupportModulesInManaged (5ms)
			BeforeProcessingInitializeOnLoad (94ms)
			ProcessInitializeOnLoadAttributes (168ms)
			ProcessInitializeOnLoadMethodAttributes (47ms)
		AwakeInstancesAfterBackupRestoration (8ms)
Unloading 24 Unused Serialized files (Serialized files now loaded: 0)
Unloading 6547 unused Assets / (5.4 MB). Loaded Objects now: 7407.
Memory consumption went from 202.7 MB to 197.3 MB.
Total: 8.948990 ms (FindLiveObjects: 0.799349 ms CreateObjectMapping: 0.365871 ms MarkObjects: 5.784855 ms  DeleteObjects: 1.997272 ms)

Prepare: number of updated asset objects reloaded= 0
========================================================================
Received Prepare
Begin MonoManager ReloadAssembly
[Licensing::Client] Successfully resolved entitlement details
Assembly Assembly-CSharp-Editor-firstpass.dll at Library/ScriptAssemblies/Assembly-CSharp-Editor-firstpass.dll not valid. Loading of assembly skipped.
Assembly Assembly-CSharp-firstpass.dll at Library/ScriptAssemblies/Assembly-CSharp-firstpass.dll not valid. Loading of assembly skipped.
Assembly DocCodeExamples.dll at Library/ScriptAssemblies/DocCodeExamples.dll not valid. Loading of assembly skipped.
Assembly TestNewCustomAssembly.dll at Library/ScriptAssemblies/TestNewCustomAssembly.dll not valid. Loading of assembly skipped.
Assembly Unity.Collections.BurstCompatibilityGen.dll at Library/ScriptAssemblies/Unity.Collections.BurstCompatibilityGen.dll not valid. Loading of assembly skipped.
Assembly Unity.Collections.DocCodeSamples.dll at Library/ScriptAssemblies/Unity.Collections.DocCodeSamples.dll not valid. Loading of assembly skipped.
Assembly Unity.Collections.PerformanceTests.dll at Library/ScriptAssemblies/Unity.Collections.PerformanceTests.dll not valid. Loading of assembly skipped.
Assembly Unity.Collections.Tests.dll at Library/ScriptAssemblies/Unity.Collections.Tests.dll not valid. Loading of assembly skipped.
Assembly Unity.Collections.Tests.Playmode.dll at Library/ScriptAssemblies/Unity.Collections.Tests.Playmode.dll not valid. Loading of assembly skipped.
Assembly Unity.InputSystem.IntegrationTests.dll at Library/ScriptAssemblies/Unity.InputSystem.IntegrationTests.dll not valid. Loading of assembly skipped.
Assembly Unity.Mathematics.Tests.dll at Library/ScriptAssemblies/Unity.Mathematics.Tests.dll not valid. Loading of assembly skipped.
Assembly Unity.Multiplayer.Center.Editor.Tests.dll at Library/ScriptAssemblies/Unity.Multiplayer.Center.Editor.Tests.dll not valid. Loading of assembly skipped.
Assembly Unity.Multiplayer.Center.Tests.dll at Library/ScriptAssemblies/Unity.Multiplayer.Center.Tests.dll not valid. Loading of assembly skipped.
Assembly Unity.Nuget.Mono-Cecil.dll at Library/ScriptAssemblies/Unity.Nuget.Mono-Cecil.dll not valid. Loading of assembly skipped.
Assembly Unity.PathTracing.Editor.Tests.dll at Library/ScriptAssemblies/Unity.PathTracing.Editor.Tests.dll not valid. Loading of assembly skipped.
Assembly Unity.PathTracing.Runtime.Tests.dll at Library/ScriptAssemblies/Unity.PathTracing.Runtime.Tests.dll not valid. Loading of assembly skipped.
Assembly Unity.RenderPipelines.Core.Editor.Tests.dll at Library/ScriptAssemblies/Unity.RenderPipelines.Core.Editor.Tests.dll not valid. Loading of assembly skipped.
Assembly Unity.RenderPipelines.Core.Runtime.Tests.dll at Library/ScriptAssemblies/Unity.RenderPipelines.Core.Runtime.Tests.dll not valid. Loading of assembly skipped.
Assembly Unity.RenderPipelines.Universal.Config.Editor.Tests.dll at Library/ScriptAssemblies/Unity.RenderPipelines.Universal.Config.Editor.Tests.dll not valid. Loading of assembly skipped.
Assembly Unity.RenderPipelines.Universal.Editor.Tests.dll at Library/ScriptAssemblies/Unity.RenderPipelines.Universal.Editor.Tests.dll not valid. Loading of assembly skipped.
Assembly Unity.RenderPipelines.Universal.Runtime.Tests.dll at Library/ScriptAssemblies/Unity.RenderPipelines.Universal.Runtime.Tests.dll not valid. Loading of assembly skipped.
Assembly Unity.Searcher.EditorTests.dll at Library/ScriptAssemblies/Unity.Searcher.EditorTests.dll not valid. Loading of assembly skipped.
Assembly Unity.ShaderGraph.Editor.Tests.dll at Library/ScriptAssemblies/Unity.ShaderGraph.Editor.Tests.dll not valid. Loading of assembly skipped.
Assembly Unity.Sysroot.EditorTests.dll at Library/ScriptAssemblies/Unity.Sysroot.EditorTests.dll not valid. Loading of assembly skipped.
Assembly Unity.Sysroot.Linux_x86_64.EditorTests.dll at Library/ScriptAssemblies/Unity.Sysroot.Linux_x86_64.EditorTests.dll not valid. Loading of assembly skipped.
Assembly Unity.TextMeshPro.Editor.Tests.dll at Library/ScriptAssemblies/Unity.TextMeshPro.Editor.Tests.dll not valid. Loading of assembly skipped.
Assembly Unity.TextMeshPro.Tests.dll at Library/ScriptAssemblies/Unity.TextMeshPro.Tests.dll not valid. Loading of assembly skipped.
Assembly Unity.Toolchain.Linux-x86_64-Linux.EditorTests.dll at Library/ScriptAssemblies/Unity.Toolchain.Linux-x86_64-Linux.EditorTests.dll not valid. Loading of assembly skipped.
Assembly Unity.UnifiedRayTracing.Editor.Tests.dll at Library/ScriptAssemblies/Unity.UnifiedRayTracing.Editor.Tests.dll not valid. Loading of assembly skipped.
Assembly UnityEditor.UI.Common.Tests.dll at Library/ScriptAssemblies/UnityEditor.UI.Common.Tests.dll not valid. Loading of assembly skipped.
Assembly UnityEditor.UI.EditorTests.dll at Library/ScriptAssemblies/UnityEditor.UI.EditorTests.dll not valid. Loading of assembly skipped.
Assembly UnityEngine.UI.Tests.dll at Library/ScriptAssemblies/UnityEngine.UI.Tests.dll not valid. Loading of assembly skipped.
Native extension for LinuxStandalone target not found
Native extension for WindowsStandalone target not found
[Package Manager] Failed to launch server process. Reason: Unity was launched with the -noUpm command-line argument
[Package Manager] Unable to send message (not connected to server process).
[Package Manager] Cannot connect to Unity Package Manager local server
[Package Manager] Failed to launch server process. Reason: Unity was launched with the -noUpm command-line argument
[Package Manager] Unable to send message (not connected to server process).
[Package Manager] Cannot connect to Unity Package Manager local server
ScheduleIndexationOnStartup MainProcess:False IndexOnStartup:True
Mono: successfully reloaded assembly
- Finished resetting the current domain, in  0.443 seconds
Domain Reload Profiling: 877ms
	BeginReloadAssembly (106ms)
		DisableScriptedObjects (3ms)
		CreateAndSetChildDomain (43ms)
	RebuildCommonClasses (27ms)
	RebuildNativeTypeToScriptingClass (5ms)
	initialDomainReloadingComplete (25ms)
	LoadAllAssembliesAndSetupDomain (270ms)
		LoadAssemblies (156ms)
		AnalyzeDomain (133ms)
			TypeCache.Refresh (4ms)
			BuildScriptInfoCaches (120ms)
			ResolveRequiredComponents (6ms)
	FinalizeReload (443ms)
		SetupLoadedEditorAssemblies (0ms)
			InitializePlatformSupportModulesInManaged (6ms)
			BeforeProcessingInitializeOnLoad (96ms)
			ProcessInitializeOnLoadAttributes (170ms)
			ProcessInitializeOnLoadMethodAttributes (47ms)
		AwakeInstancesAfterBackupRestoration (8ms)
Unloading 24 Unused Serialized files (Serialized files now loaded: 0)
Unloading 6547 unused Assets / (5.4 MB). Loaded Objects now: 7410.
Memory consumption went from 202.9 MB to 197.5 MB.
Total: 8.247275 ms (FindLiveObjects: 0.700072 ms CreateObjectMapping: 0.209185 ms MarkObjects: 4.936823 ms  DeleteObjects: 2.400393 ms)

Prepare: number of updated asset objects reloaded= 0
========================================================================
Received Prepare
Begin MonoManager ReloadAssembly
[Licensing::Client] Successfully resolved entitlement details
Assembly Assembly-CSharp-Editor-firstpass.dll at Library/ScriptAssemblies/Assembly-CSharp-Editor-firstpass.dll not valid. Loading of assembly skipped.
Assembly Assembly-CSharp-firstpass.dll at Library/ScriptAssemblies/Assembly-CSharp-firstpass.dll not valid. Loading of assembly skipped.
Assembly DocCodeExamples.dll at Library/ScriptAssemblies/DocCodeExamples.dll not valid. Loading of assembly skipped.
Assembly TestNewCustomAssembly.dll at Library/ScriptAssemblies/TestNewCustomAssembly.dll not valid. Loading of assembly skipped.
Assembly Unity.Collections.BurstCompatibilityGen.dll at Library/ScriptAssemblies/Unity.Collections.BurstCompatibilityGen.dll not valid. Loading of assembly skipped.
Assembly Unity.Collections.DocCodeSamples.dll at Library/ScriptAssemblies/Unity.Collections.DocCodeSamples.dll not valid. Loading of assembly skipped.
Assembly Unity.Collections.PerformanceTests.dll at Library/ScriptAssemblies/Unity.Collections.PerformanceTests.dll not valid. Loading of assembly skipped.
Assembly Unity.Collections.Tests.dll at Library/ScriptAssemblies/Unity.Collections.Tests.dll not valid. Loading of assembly skipped.
Assembly Unity.Collections.Tests.Playmode.dll at Library/ScriptAssemblies/Unity.Collections.Tests.Playmode.dll not valid. Loading of assembly skipped.
Assembly Unity.InputSystem.IntegrationTests.dll at Library/ScriptAssemblies/Unity.InputSystem.IntegrationTests.dll not valid. Loading of assembly skipped.
Assembly Unity.Mathematics.Tests.dll at Library/ScriptAssemblies/Unity.Mathematics.Tests.dll not valid. Loading of assembly skipped.
Assembly Unity.Multiplayer.Center.Editor.Tests.dll at Library/ScriptAssemblies/Unity.Multiplayer.Center.Editor.Tests.dll not valid. Loading of assembly skipped.
Assembly Unity.Multiplayer.Center.Tests.dll at Library/ScriptAssemblies/Unity.Multiplayer.Center.Tests.dll not valid. Loading of assembly skipped.
Assembly Unity.Nuget.Mono-Cecil.dll at Library/ScriptAssemblies/Unity.Nuget.Mono-Cecil.dll not valid. Loading of assembly skipped.
Assembly Unity.PathTracing.Editor.Tests.dll at Library/ScriptAssemblies/Unity.PathTracing.Editor.Tests.dll not valid. Loading of assembly skipped.
Assembly Unity.PathTracing.Runtime.Tests.dll at Library/ScriptAssemblies/Unity.PathTracing.Runtime.Tests.dll not valid. Loading of assembly skipped.
Assembly Unity.RenderPipelines.Core.Editor.Tests.dll at Library/ScriptAssemblies/Unity.RenderPipelines.Core.Editor.Tests.dll not valid. Loading of assembly skipped.
Assembly Unity.RenderPipelines.Core.Runtime.Tests.dll at Library/ScriptAssemblies/Unity.RenderPipelines.Core.Runtime.Tests.dll not valid. Loading of assembly skipped.
Assembly Unity.RenderPipelines.Universal.Config.Editor.Tests.dll at Library/ScriptAssemblies/Unity.RenderPipelines.Universal.Config.Editor.Tests.dll not valid. Loading of assembly skipped.
Assembly Unity.RenderPipelines.Universal.Editor.Tests.dll at Library/ScriptAssemblies/Unity.RenderPipelines.Universal.Editor.Tests.dll not valid. Loading of assembly skipped.
Assembly Unity.RenderPipelines.Universal.Runtime.Tests.dll at Library/ScriptAssemblies/Unity.RenderPipelines.Universal.Runtime.Tests.dll not valid. Loading of assembly skipped.
Assembly Unity.Searcher.EditorTests.dll at Library/ScriptAssemblies/Unity.Searcher.EditorTests.dll not valid. Loading of assembly skipped.
Assembly Unity.ShaderGraph.Editor.Tests.dll at Library/ScriptAssemblies/Unity.ShaderGraph.Editor.Tests.dll not valid. Loading of assembly skipped.
Assembly Unity.Sysroot.EditorTests.dll at Library/ScriptAssemblies/Unity.Sysroot.EditorTests.dll not valid. Loading of assembly skipped.
Assembly Unity.Sysroot.Linux_x86_64.EditorTests.dll at Library/ScriptAssemblies/Unity.Sysroot.Linux_x86_64.EditorTests.dll not valid. Loading of assembly skipped.
Assembly Unity.TextMeshPro.Editor.Tests.dll at Library/ScriptAssemblies/Unity.TextMeshPro.Editor.Tests.dll not valid. Loading of assembly skipped.
Assembly Unity.TextMeshPro.Tests.dll at Library/ScriptAssemblies/Unity.TextMeshPro.Tests.dll not valid. Loading of assembly skipped.
Assembly Unity.Toolchain.Linux-x86_64-Linux.EditorTests.dll at Library/ScriptAssemblies/Unity.Toolchain.Linux-x86_64-Linux.EditorTests.dll not valid. Loading of assembly skipped.
Assembly Unity.UnifiedRayTracing.Editor.Tests.dll at Library/ScriptAssemblies/Unity.UnifiedRayTracing.Editor.Tests.dll not valid. Loading of assembly skipped.
Assembly UnityEditor.UI.Common.Tests.dll at Library/ScriptAssemblies/UnityEditor.UI.Common.Tests.dll not valid. Loading of assembly skipped.
Assembly UnityEditor.UI.EditorTests.dll at Library/ScriptAssemblies/UnityEditor.UI.EditorTests.dll not valid. Loading of assembly skipped.
Assembly UnityEngine.UI.Tests.dll at Library/ScriptAssemblies/UnityEngine.UI.Tests.dll not valid. Loading of assembly skipped.
Native extension for LinuxStandalone target not found
Native extension for WindowsStandalone target not found
[Package Manager] Failed to launch server process. Reason: Unity was launched with the -noUpm command-line argument
[Package Manager] Unable to send message (not connected to server process).
[Package Manager] Cannot connect to Unity Package Manager local server
[Package Manager] Failed to launch server process. Reason: Unity was launched with the -noUpm command-line argument
[Package Manager] Unable to send message (not connected to server process).
[Package Manager] Cannot connect to Unity Package Manager local server
ScheduleIndexationOnStartup MainProcess:False IndexOnStartup:True
Mono: successfully reloaded assembly
- Finished resetting the current domain, in  0.477 seconds
Domain Reload Profiling: 907ms
	BeginReloadAssembly (114ms)
		DisableScriptedObjects (4ms)
		CreateAndSetChildDomain (39ms)
	RebuildCommonClasses (29ms)
	RebuildNativeTypeToScriptingClass (6ms)
	initialDomainReloadingComplete (24ms)
	LoadAllAssembliesAndSetupDomain (257ms)
		LoadAssemblies (153ms)
		AnalyzeDomain (128ms)
			TypeCache.Refresh (7ms)
			BuildScriptInfoCaches (113ms)
			ResolveRequiredComponents (6ms)
	FinalizeReload (478ms)
		SetupLoadedEditorAssemblies (0ms)
			InitializePlatformSupportModulesInManaged (6ms)
			BeforeProcessingInitializeOnLoad (104ms)
			ProcessInitializeOnLoadAttributes (184ms)
			ProcessInitializeOnLoadMethodAttributes (52ms)
		AwakeInstancesAfterBackupRestoration (9ms)
Unloading 24 Unused Serialized files (Serialized files now loaded: 0)
Unloading 6547 unused Assets / (5.0 MB). Loaded Objects now: 7413.
Memory consumption went from 203.0 MB to 198.0 MB.
Total: 7.961445 ms (FindLiveObjects: 0.658784 ms CreateObjectMapping: 0.548916 ms MarkObjects: 4.743568 ms  DeleteObjects: 2.009435 ms)

Prepare: number of updated asset objects reloaded= 0
========================================================================
Received Prepare
Begin MonoManager ReloadAssembly
Assembly Assembly-CSharp-Editor-firstpass.dll at Library/ScriptAssemblies/Assembly-CSharp-Editor-firstpass.dll not valid. Loading of assembly skipped.
Assembly Assembly-CSharp-firstpass.dll at Library/ScriptAssemblies/Assembly-CSharp-firstpass.dll not valid. Loading of assembly skipped.
Assembly DocCodeExamples.dll at Library/ScriptAssemblies/DocCodeExamples.dll not valid. Loading of assembly skipped.
Assembly TestNewCustomAssembly.dll at Library/ScriptAssemblies/TestNewCustomAssembly.dll not valid. Loading of assembly skipped.
Assembly Unity.Collections.BurstCompatibilityGen.dll at Library/ScriptAssemblies/Unity.Collections.BurstCompatibilityGen.dll not valid. Loading of assembly skipped.
Assembly Unity.Collections.DocCodeSamples.dll at Library/ScriptAssemblies/Unity.Collections.DocCodeSamples.dll not valid. Loading of assembly skipped.
Assembly Unity.Collections.PerformanceTests.dll at Library/ScriptAssemblies/Unity.Collections.PerformanceTests.dll not valid. Loading of assembly skipped.
Assembly Unity.Collections.Tests.dll at Library/ScriptAssemblies/Unity.Collections.Tests.dll not valid. Loading of assembly skipped.
Assembly Unity.Collections.Tests.Playmode.dll at Library/ScriptAssemblies/Unity.Collections.Tests.Playmode.dll not valid. Loading of assembly skipped.
Assembly Unity.InputSystem.IntegrationTests.dll at Library/ScriptAssemblies/Unity.InputSystem.IntegrationTests.dll not valid. Loading of assembly skipped.
Assembly Unity.Mathematics.Tests.dll at Library/ScriptAssemblies/Unity.Mathematics.Tests.dll not valid. Loading of assembly skipped.
Assembly Unity.Multiplayer.Center.Editor.Tests.dll at Library/ScriptAssemblies/Unity.Multiplayer.Center.Editor.Tests.dll not valid. Loading of assembly skipped.
Assembly Unity.Multiplayer.Center.Tests.dll at Library/ScriptAssemblies/Unity.Multiplayer.Center.Tests.dll not valid. Loading of assembly skipped.
Assembly Unity.Nuget.Mono-Cecil.dll at Library/ScriptAssemblies/Unity.Nuget.Mono-Cecil.dll not valid. Loading of assembly skipped.
Assembly Unity.PathTracing.Editor.Tests.dll at Library/ScriptAssemblies/Unity.PathTracing.Editor.Tests.dll not valid. Loading of assembly skipped.
Assembly Unity.PathTracing.Runtime.Tests.dll at Library/ScriptAssemblies/Unity.PathTracing.Runtime.Tests.dll not valid. Loading of assembly skipped.
Assembly Unity.RenderPipelines.Core.Editor.Tests.dll at Library/ScriptAssemblies/Unity.RenderPipelines.Core.Editor.Tests.dll not valid. Loading of assembly skipped.
Assembly Unity.RenderPipelines.Core.Runtime.Tests.dll at Library/ScriptAssemblies/Unity.RenderPipelines.Core.Runtime.Tests.dll not valid. Loading of assembly skipped.
Assembly Unity.RenderPipelines.Universal.Config.Editor.Tests.dll at Library/ScriptAssemblies/Unity.RenderPipelines.Universal.Config.Editor.Tests.dll not valid. Loading of assembly skipped.
Assembly Unity.RenderPipelines.Universal.Editor.Tests.dll at Library/ScriptAssemblies/Unity.RenderPipelines.Universal.Editor.Tests.dll not valid. Loading of assembly skipped.
Assembly Unity.RenderPipelines.Universal.Runtime.Tests.dll at Library/ScriptAssemblies/Unity.RenderPipelines.Universal.Runtime.Tests.dll not valid. Loading of assembly skipped.
Assembly Unity.Searcher.EditorTests.dll at Library/ScriptAssemblies/Unity.Searcher.EditorTests.dll not valid. Loading of assembly skipped.
Assembly Unity.ShaderGraph.Editor.Tests.dll at Library/ScriptAssemblies/Unity.ShaderGraph.Editor.Tests.dll not valid. Loading of assembly skipped.
Assembly Unity.Sysroot.EditorTests.dll at Library/ScriptAssemblies/Unity.Sysroot.EditorTests.dll not valid. Loading of assembly skipped.
Assembly Unity.Sysroot.Linux_x86_64.EditorTests.dll at Library/ScriptAssemblies/Unity.Sysroot.Linux_x86_64.EditorTests.dll not valid. Loading of assembly skipped.
Assembly Unity.TextMeshPro.Editor.Tests.dll at Library/ScriptAssemblies/Unity.TextMeshPro.Editor.Tests.dll not valid. Loading of assembly skipped.
Assembly Unity.TextMeshPro.Tests.dll at Library/ScriptAssemblies/Unity.TextMeshPro.Tests.dll not valid. Loading of assembly skipped.
Assembly Unity.Toolchain.Linux-x86_64-Linux.EditorTests.dll at Library/ScriptAssemblies/Unity.Toolchain.Linux-x86_64-Linux.EditorTests.dll not valid. Loading of assembly skipped.
Assembly Unity.UnifiedRayTracing.Editor.Tests.dll at Library/ScriptAssemblies/Unity.UnifiedRayTracing.Editor.Tests.dll not valid. Loading of assembly skipped.
Assembly UnityEditor.UI.Common.Tests.dll at Library/ScriptAssemblies/UnityEditor.UI.Common.Tests.dll not valid. Loading of assembly skipped.
Assembly UnityEditor.UI.EditorTests.dll at Library/ScriptAssemblies/UnityEditor.UI.EditorTests.dll not valid. Loading of assembly skipped.
Assembly UnityEngine.UI.Tests.dll at Library/ScriptAssemblies/UnityEngine.UI.Tests.dll not valid. Loading of assembly skipped.
Native extension for LinuxStandalone target not found
Native extension for WindowsStandalone target not found
[Package Manager] Failed to launch server process. Reason: Unity was launched with the -noUpm command-line argument
[Package Manager] Unable to send message (not connected to server process).
[Package Manager] Cannot connect to Unity Package Manager local server
[Package Manager] Failed to launch server process. Reason: Unity was launched with the -noUpm command-line argument
[Package Manager] Unable to send message (not connected to server process).
[Package Manager] Cannot connect to Unity Package Manager local server
ScheduleIndexationOnStartup MainProcess:False IndexOnStartup:True
Mono: successfully reloaded assembly
- Finished resetting the current domain, in  0.462 seconds
Domain Reload Profiling: 913ms
	BeginReloadAssembly (108ms)
		DisableScriptedObjects (3ms)
		CreateAndSetChildDomain (40ms)
	RebuildCommonClasses (27ms)
	RebuildNativeTypeToScriptingClass (6ms)
	initialDomainReloadingComplete (24ms)
	LoadAllAssembliesAndSetupDomain (285ms)
		LoadAssemblies (158ms)
		AnalyzeDomain (150ms)
			TypeCache.Refresh (5ms)
			BuildScriptInfoCaches (137ms)
			ResolveRequiredComponents (6ms)
	FinalizeReload (462ms)
		SetupLoadedEditorAssemblies (0ms)
			InitializePlatformSupportModulesInManaged (5ms)
			BeforeProcessingInitializeOnLoad (110ms)
			ProcessInitializeOnLoadAttributes (173ms)
			ProcessInitializeOnLoadMethodAttributes (51ms)
		AwakeInstancesAfterBackupRestoration (9ms)
Unloading 24 Unused Serialized files (Serialized files now loaded: 0)
Unloading 6547 unused Assets / (5.7 MB). Loaded Objects now: 7416.
Memory consumption went from 203.1 MB to 197.4 MB.
Total: 9.402557 ms (FindLiveObjects: 0.910610 ms CreateObjectMapping: 0.695533 ms MarkObjects: 5.435064 ms  DeleteObjects: 2.360187 ms)

Prepare: number of updated asset objects reloaded= 0
========================================================================
Received Prepare
Begin MonoManager ReloadAssembly
Assembly Assembly-CSharp-Editor-firstpass.dll at Library/ScriptAssemblies/Assembly-CSharp-Editor-firstpass.dll not valid. Loading of assembly skipped.
Assembly Assembly-CSharp-firstpass.dll at Library/ScriptAssemblies/Assembly-CSharp-firstpass.dll not valid. Loading of assembly skipped.
Assembly DocCodeExamples.dll at Library/ScriptAssemblies/DocCodeExamples.dll not valid. Loading of assembly skipped.
Assembly TestNewCustomAssembly.dll at Library/ScriptAssemblies/TestNewCustomAssembly.dll not valid. Loading of assembly skipped.
Assembly Unity.Collections.BurstCompatibilityGen.dll at Library/ScriptAssemblies/Unity.Collections.BurstCompatibilityGen.dll not valid. Loading of assembly skipped.
Assembly Unity.Collections.DocCodeSamples.dll at Library/ScriptAssemblies/Unity.Collections.DocCodeSamples.dll not valid. Loading of assembly skipped.
Assembly Unity.Collections.PerformanceTests.dll at Library/ScriptAssemblies/Unity.Collections.PerformanceTests.dll not valid. Loading of assembly skipped.
Assembly Unity.Collections.Tests.dll at Library/ScriptAssemblies/Unity.Collections.Tests.dll not valid. Loading of assembly skipped.
Assembly Unity.Collections.Tests.Playmode.dll at Library/ScriptAssemblies/Unity.Collections.Tests.Playmode.dll not valid. Loading of assembly skipped.
Assembly Unity.InputSystem.IntegrationTests.dll at Library/ScriptAssemblies/Unity.InputSystem.IntegrationTests.dll not valid. Loading of assembly skipped.
Assembly Unity.Mathematics.Tests.dll at Library/ScriptAssemblies/Unity.Mathematics.Tests.dll not valid. Loading of assembly skipped.
Assembly Unity.Multiplayer.Center.Editor.Tests.dll at Library/ScriptAssemblies/Unity.Multiplayer.Center.Editor.Tests.dll not valid. Loading of assembly skipped.
Assembly Unity.Multiplayer.Center.Tests.dll at Library/ScriptAssemblies/Unity.Multiplayer.Center.Tests.dll not valid. Loading of assembly skipped.
Assembly Unity.Nuget.Mono-Cecil.dll at Library/ScriptAssemblies/Unity.Nuget.Mono-Cecil.dll not valid. Loading of assembly skipped.
Assembly Unity.PathTracing.Editor.Tests.dll at Library/ScriptAssemblies/Unity.PathTracing.Editor.Tests.dll not valid. Loading of assembly skipped.
Assembly Unity.PathTracing.Runtime.Tests.dll at Library/ScriptAssemblies/Unity.PathTracing.Runtime.Tests.dll not valid. Loading of assembly skipped.
Assembly Unity.RenderPipelines.Core.Editor.Tests.dll at Library/ScriptAssemblies/Unity.RenderPipelines.Core.Editor.Tests.dll not valid. Loading of assembly skipped.
Assembly Unity.RenderPipelines.Core.Runtime.Tests.dll at Library/ScriptAssemblies/Unity.RenderPipelines.Core.Runtime.Tests.dll not valid. Loading of assembly skipped.
Assembly Unity.RenderPipelines.Universal.Config.Editor.Tests.dll at Library/ScriptAssemblies/Unity.RenderPipelines.Universal.Config.Editor.Tests.dll not valid. Loading of assembly skipped.
Assembly Unity.RenderPipelines.Universal.Editor.Tests.dll at Library/ScriptAssemblies/Unity.RenderPipelines.Universal.Editor.Tests.dll not valid. Loading of assembly skipped.
Assembly Unity.RenderPipelines.Universal.Runtime.Tests.dll at Library/ScriptAssemblies/Unity.RenderPipelines.Universal.Runtime.Tests.dll not valid. Loading of assembly skipped.
Assembly Unity.Searcher.EditorTests.dll at Library/ScriptAssemblies/Unity.Searcher.EditorTests.dll not valid. Loading of assembly skipped.
Assembly Unity.ShaderGraph.Editor.Tests.dll at Library/ScriptAssemblies/Unity.ShaderGraph.Editor.Tests.dll not valid. Loading of assembly skipped.
Assembly Unity.Sysroot.EditorTests.dll at Library/ScriptAssemblies/Unity.Sysroot.EditorTests.dll not valid. Loading of assembly skipped.
Assembly Unity.Sysroot.Linux_x86_64.EditorTests.dll at Library/ScriptAssemblies/Unity.Sysroot.Linux_x86_64.EditorTests.dll not valid. Loading of assembly skipped.
Assembly Unity.TextMeshPro.Editor.Tests.dll at Library/ScriptAssemblies/Unity.TextMeshPro.Editor.Tests.dll not valid. Loading of assembly skipped.
Assembly Unity.TextMeshPro.Tests.dll at Library/ScriptAssemblies/Unity.TextMeshPro.Tests.dll not valid. Loading of assembly skipped.
Assembly Unity.Toolchain.Linux-x86_64-Linux.EditorTests.dll at Library/ScriptAssemblies/Unity.Toolchain.Linux-x86_64-Linux.EditorTests.dll not valid. Loading of assembly skipped.
Assembly Unity.UnifiedRayTracing.Editor.Tests.dll at Library/ScriptAssemblies/Unity.UnifiedRayTracing.Editor.Tests.dll not valid. Loading of assembly skipped.
Assembly UnityEditor.UI.Common.Tests.dll at Library/ScriptAssemblies/UnityEditor.UI.Common.Tests.dll not valid. Loading of assembly skipped.
Assembly UnityEditor.UI.EditorTests.dll at Library/ScriptAssemblies/UnityEditor.UI.EditorTests.dll not valid. Loading of assembly skipped.
Assembly UnityEngine.UI.Tests.dll at Library/ScriptAssemblies/UnityEngine.UI.Tests.dll not valid. Loading of assembly skipped.
Native extension for LinuxStandalone target not found
Native extension for WindowsStandalone target not found
[Package Manager] Failed to launch server process. Reason: Unity was launched with the -noUpm command-line argument
[Package Manager] Unable to send message (not connected to server process).
[Package Manager] Cannot connect to Unity Package Manager local server
[Package Manager] Failed to launch server process. Reason: Unity was launched with the -noUpm command-line argument
[Package Manager] Unable to send message (not connected to server process).
[Package Manager] Cannot connect to Unity Package Manager local server
ScheduleIndexationOnStartup MainProcess:False IndexOnStartup:True
Mono: successfully reloaded assembly
- Finished resetting the current domain, in  0.426 seconds
Domain Reload Profiling: 875ms
	BeginReloadAssembly (110ms)
		DisableScriptedObjects (4ms)
		CreateAndSetChildDomain (38ms)
	RebuildCommonClasses (30ms)
	RebuildNativeTypeToScriptingClass (6ms)
	initialDomainReloadingComplete (25ms)
	LoadAllAssembliesAndSetupDomain (278ms)
		LoadAssemblies (163ms)
		AnalyzeDomain (135ms)
			TypeCache.Refresh (5ms)
			BuildScriptInfoCaches (123ms)
			ResolveRequiredComponents (6ms)
	FinalizeReload (426ms)
		SetupLoadedEditorAssemblies (0ms)
			InitializePlatformSupportModulesInManaged (6ms)
			BeforeProcessingInitializeOnLoad (99ms)
			ProcessInitializeOnLoadAttributes (158ms)
			ProcessInitializeOnLoadMethodAttributes (45ms)
		AwakeInstancesAfterBackupRestoration (8ms)
Unloading 24 Unused Serialized files (Serialized files now loaded: 0)
Unloading 6547 unused Assets / (6.5 MB). Loaded Objects now: 7419.
Memory consumption went from 203.2 MB to 196.7 MB.
Total: 12.169653 ms (FindLiveObjects: 0.850666 ms CreateObjectMapping: 0.476721 ms MarkObjects: 7.549347 ms  DeleteObjects: 3.291026 ms)

Prepare: number of updated asset objects reloaded= 0
========================================================================
Received Prepare
Begin MonoManager ReloadAssembly
[Licensing::Client] Successfully resolved entitlement details
Assembly Assembly-CSharp-Editor-firstpass.dll at Library/ScriptAssemblies/Assembly-CSharp-Editor-firstpass.dll not valid. Loading of assembly skipped.
Assembly Assembly-CSharp-firstpass.dll at Library/ScriptAssemblies/Assembly-CSharp-firstpass.dll not valid. Loading of assembly skipped.
Assembly DocCodeExamples.dll at Library/ScriptAssemblies/DocCodeExamples.dll not valid. Loading of assembly skipped.
Assembly TestNewCustomAssembly.dll at Library/ScriptAssemblies/TestNewCustomAssembly.dll not valid. Loading of assembly skipped.
Assembly Unity.Collections.BurstCompatibilityGen.dll at Library/ScriptAssemblies/Unity.Collections.BurstCompatibilityGen.dll not valid. Loading of assembly skipped.
Assembly Unity.Collections.DocCodeSamples.dll at Library/ScriptAssemblies/Unity.Collections.DocCodeSamples.dll not valid. Loading of assembly skipped.
Assembly Unity.Collections.PerformanceTests.dll at Library/ScriptAssemblies/Unity.Collections.PerformanceTests.dll not valid. Loading of assembly skipped.
Assembly Unity.Collections.Tests.dll at Library/ScriptAssemblies/Unity.Collections.Tests.dll not valid. Loading of assembly skipped.
Assembly Unity.Collections.Tests.Playmode.dll at Library/ScriptAssemblies/Unity.Collections.Tests.Playmode.dll not valid. Loading of assembly skipped.
Assembly Unity.InputSystem.IntegrationTests.dll at Library/ScriptAssemblies/Unity.InputSystem.IntegrationTests.dll not valid. Loading of assembly skipped.
Assembly Unity.Mathematics.Tests.dll at Library/ScriptAssemblies/Unity.Mathematics.Tests.dll not valid. Loading of assembly skipped.
Assembly Unity.Multiplayer.Center.Editor.Tests.dll at Library/ScriptAssemblies/Unity.Multiplayer.Center.Editor.Tests.dll not valid. Loading of assembly skipped.
Assembly Unity.Multiplayer.Center.Tests.dll at Library/ScriptAssemblies/Unity.Multiplayer.Center.Tests.dll not valid. Loading of assembly skipped.
Assembly Unity.Nuget.Mono-Cecil.dll at Library/ScriptAssemblies/Unity.Nuget.Mono-Cecil.dll not valid. Loading of assembly skipped.
Assembly Unity.PathTracing.Editor.Tests.dll at Library/ScriptAssemblies/Unity.PathTracing.Editor.Tests.dll not valid. Loading of assembly skipped.
Assembly Unity.PathTracing.Runtime.Tests.dll at Library/ScriptAssemblies/Unity.PathTracing.Runtime.Tests.dll not valid. Loading of assembly skipped.
Assembly Unity.RenderPipelines.Core.Editor.Tests.dll at Library/ScriptAssemblies/Unity.RenderPipelines.Core.Editor.Tests.dll not valid. Loading of assembly skipped.
Assembly Unity.RenderPipelines.Core.Runtime.Tests.dll at Library/ScriptAssemblies/Unity.RenderPipelines.Core.Runtime.Tests.dll not valid. Loading of assembly skipped.
Assembly Unity.RenderPipelines.Universal.Config.Editor.Tests.dll at Library/ScriptAssemblies/Unity.RenderPipelines.Universal.Config.Editor.Tests.dll not valid. Loading of assembly skipped.
Assembly Unity.RenderPipelines.Universal.Editor.Tests.dll at Library/ScriptAssemblies/Unity.RenderPipelines.Universal.Editor.Tests.dll not valid. Loading of assembly skipped.
Assembly Unity.RenderPipelines.Universal.Runtime.Tests.dll at Library/ScriptAssemblies/Unity.RenderPipelines.Universal.Runtime.Tests.dll not valid. Loading of assembly skipped.
Assembly Unity.Searcher.EditorTests.dll at Library/ScriptAssemblies/Unity.Searcher.EditorTests.dll not valid. Loading of assembly skipped.
Assembly Unity.ShaderGraph.Editor.Tests.dll at Library/ScriptAssemblies/Unity.ShaderGraph.Editor.Tests.dll not valid. Loading of assembly skipped.
Assembly Unity.Sysroot.EditorTests.dll at Library/ScriptAssemblies/Unity.Sysroot.EditorTests.dll not valid. Loading of assembly skipped.
Assembly Unity.Sysroot.Linux_x86_64.EditorTests.dll at Library/ScriptAssemblies/Unity.Sysroot.Linux_x86_64.EditorTests.dll not valid. Loading of assembly skipped.
Assembly Unity.TextMeshPro.Editor.Tests.dll at Library/ScriptAssemblies/Unity.TextMeshPro.Editor.Tests.dll not valid. Loading of assembly skipped.
Assembly Unity.TextMeshPro.Tests.dll at Library/ScriptAssemblies/Unity.TextMeshPro.Tests.dll not valid. Loading of assembly skipped.
Assembly Unity.Toolchain.Linux-x86_64-Linux.EditorTests.dll at Library/ScriptAssemblies/Unity.Toolchain.Linux-x86_64-Linux.EditorTests.dll not valid. Loading of assembly skipped.
Assembly Unity.UnifiedRayTracing.Editor.Tests.dll at Library/ScriptAssemblies/Unity.UnifiedRayTracing.Editor.Tests.dll not valid. Loading of assembly skipped.
Assembly UnityEditor.UI.Common.Tests.dll at Library/ScriptAssemblies/UnityEditor.UI.Common.Tests.dll not valid. Loading of assembly skipped.
Assembly UnityEditor.UI.EditorTests.dll at Library/ScriptAssemblies/UnityEditor.UI.EditorTests.dll not valid. Loading of assembly skipped.
Assembly UnityEngine.UI.Tests.dll at Library/ScriptAssemblies/UnityEngine.UI.Tests.dll not valid. Loading of assembly skipped.
Native extension for LinuxStandalone target not found
Native extension for WindowsStandalone target not found
[Package Manager] Failed to launch server process. Reason: Unity was launched with the -noUpm command-line argument
[Package Manager] Unable to send message (not connected to server process).
[Package Manager] Cannot connect to Unity Package Manager local server
[Package Manager] Failed to launch server process. Reason: Unity was launched with the -noUpm command-line argument
[Package Manager] Unable to send message (not connected to server process).
[Package Manager] Cannot connect to Unity Package Manager local server
ScheduleIndexationOnStartup MainProcess:False IndexOnStartup:True
Mono: successfully reloaded assembly
- Finished resetting the current domain, in  0.446 seconds
Domain Reload Profiling: 867ms
	BeginReloadAssembly (101ms)
		DisableScriptedObjects (3ms)
		CreateAndSetChildDomain (36ms)
	RebuildCommonClasses (28ms)
	RebuildNativeTypeToScriptingClass (5ms)
	initialDomainReloadingComplete (24ms)
	LoadAllAssembliesAndSetupDomain (262ms)
		LoadAssemblies (145ms)
		AnalyzeDomain (135ms)
			TypeCache.Refresh (14ms)
			BuildScriptInfoCaches (113ms)
			ResolveRequiredComponents (6ms)
	FinalizeReload (446ms)
		SetupLoadedEditorAssemblies (0ms)
			InitializePlatformSupportModulesInManaged (6ms)
			BeforeProcessingInitializeOnLoad (94ms)
			ProcessInitializeOnLoadAttributes (173ms)
			ProcessInitializeOnLoadMethodAttributes (46ms)
		AwakeInstancesAfterBackupRestoration (8ms)
Unloading 24 Unused Serialized files (Serialized files now loaded: 0)
Unloading 6547 unused Assets / (4.9 MB). Loaded Objects now: 7422.
Memory consumption went from 203.4 MB to 198.5 MB.
Total: 6.739989 ms (FindLiveObjects: 0.664004 ms CreateObjectMapping: 0.169239 ms MarkObjects: 4.258943 ms  DeleteObjects: 1.646870 ms)

Prepare: number of updated asset objects reloaded= 0
========================================================================
Received Prepare
Begin MonoManager ReloadAssembly
Assembly Assembly-CSharp-Editor-firstpass.dll at Library/ScriptAssemblies/Assembly-CSharp-Editor-firstpass.dll not valid. Loading of assembly skipped.
Assembly Assembly-CSharp-firstpass.dll at Library/ScriptAssemblies/Assembly-CSharp-firstpass.dll not valid. Loading of assembly skipped.
Assembly DocCodeExamples.dll at Library/ScriptAssemblies/DocCodeExamples.dll not valid. Loading of assembly skipped.
Assembly TestNewCustomAssembly.dll at Library/ScriptAssemblies/TestNewCustomAssembly.dll not valid. Loading of assembly skipped.
Assembly Unity.Collections.BurstCompatibilityGen.dll at Library/ScriptAssemblies/Unity.Collections.BurstCompatibilityGen.dll not valid. Loading of assembly skipped.
Assembly Unity.Collections.DocCodeSamples.dll at Library/ScriptAssemblies/Unity.Collections.DocCodeSamples.dll not valid. Loading of assembly skipped.
Assembly Unity.Collections.PerformanceTests.dll at Library/ScriptAssemblies/Unity.Collections.PerformanceTests.dll not valid. Loading of assembly skipped.
Assembly Unity.Collections.Tests.dll at Library/ScriptAssemblies/Unity.Collections.Tests.dll not valid. Loading of assembly skipped.
Assembly Unity.Collections.Tests.Playmode.dll at Library/ScriptAssemblies/Unity.Collections.Tests.Playmode.dll not valid. Loading of assembly skipped.
Assembly Unity.InputSystem.IntegrationTests.dll at Library/ScriptAssemblies/Unity.InputSystem.IntegrationTests.dll not valid. Loading of assembly skipped.
Assembly Unity.Mathematics.Tests.dll at Library/ScriptAssemblies/Unity.Mathematics.Tests.dll not valid. Loading of assembly skipped.
Assembly Unity.Multiplayer.Center.Editor.Tests.dll at Library/ScriptAssemblies/Unity.Multiplayer.Center.Editor.Tests.dll not valid. Loading of assembly skipped.
Assembly Unity.Multiplayer.Center.Tests.dll at Library/ScriptAssemblies/Unity.Multiplayer.Center.Tests.dll not valid. Loading of assembly skipped.
Assembly Unity.Nuget.Mono-Cecil.dll at Library/ScriptAssemblies/Unity.Nuget.Mono-Cecil.dll not valid. Loading of assembly skipped.
Assembly Unity.PathTracing.Editor.Tests.dll at Library/ScriptAssemblies/Unity.PathTracing.Editor.Tests.dll not valid. Loading of assembly skipped.
Assembly Unity.PathTracing.Runtime.Tests.dll at Library/ScriptAssemblies/Unity.PathTracing.Runtime.Tests.dll not valid. Loading of assembly skipped.
Assembly Unity.RenderPipelines.Core.Editor.Tests.dll at Library/ScriptAssemblies/Unity.RenderPipelines.Core.Editor.Tests.dll not valid. Loading of assembly skipped.
Assembly Unity.RenderPipelines.Core.Runtime.Tests.dll at Library/ScriptAssemblies/Unity.RenderPipelines.Core.Runtime.Tests.dll not valid. Loading of assembly skipped.
Assembly Unity.RenderPipelines.Universal.Config.Editor.Tests.dll at Library/ScriptAssemblies/Unity.RenderPipelines.Universal.Config.Editor.Tests.dll not valid. Loading of assembly skipped.
Assembly Unity.RenderPipelines.Universal.Editor.Tests.dll at Library/ScriptAssemblies/Unity.RenderPipelines.Universal.Editor.Tests.dll not valid. Loading of assembly skipped.
Assembly Unity.RenderPipelines.Universal.Runtime.Tests.dll at Library/ScriptAssemblies/Unity.RenderPipelines.Universal.Runtime.Tests.dll not valid. Loading of assembly skipped.
Assembly Unity.Searcher.EditorTests.dll at Library/ScriptAssemblies/Unity.Searcher.EditorTests.dll not valid. Loading of assembly skipped.
Assembly Unity.ShaderGraph.Editor.Tests.dll at Library/ScriptAssemblies/Unity.ShaderGraph.Editor.Tests.dll not valid. Loading of assembly skipped.
Assembly Unity.Sysroot.EditorTests.dll at Library/ScriptAssemblies/Unity.Sysroot.EditorTests.dll not valid. Loading of assembly skipped.
Assembly Unity.Sysroot.Linux_x86_64.EditorTests.dll at Library/ScriptAssemblies/Unity.Sysroot.Linux_x86_64.EditorTests.dll not valid. Loading of assembly skipped.
Assembly Unity.TextMeshPro.Editor.Tests.dll at Library/ScriptAssemblies/Unity.TextMeshPro.Editor.Tests.dll not valid. Loading of assembly skipped.
Assembly Unity.TextMeshPro.Tests.dll at Library/ScriptAssemblies/Unity.TextMeshPro.Tests.dll not valid. Loading of assembly skipped.
Assembly Unity.Toolchain.Linux-x86_64-Linux.EditorTests.dll at Library/ScriptAssemblies/Unity.Toolchain.Linux-x86_64-Linux.EditorTests.dll not valid. Loading of assembly skipped.
Assembly Unity.UnifiedRayTracing.Editor.Tests.dll at Library/ScriptAssemblies/Unity.UnifiedRayTracing.Editor.Tests.dll not valid. Loading of assembly skipped.
Assembly UnityEditor.UI.Common.Tests.dll at Library/ScriptAssemblies/UnityEditor.UI.Common.Tests.dll not valid. Loading of assembly skipped.
Assembly UnityEditor.UI.EditorTests.dll at Library/ScriptAssemblies/UnityEditor.UI.EditorTests.dll not valid. Loading of assembly skipped.
Assembly UnityEngine.UI.Tests.dll at Library/ScriptAssemblies/UnityEngine.UI.Tests.dll not valid. Loading of assembly skipped.
Native extension for LinuxStandalone target not found
Native extension for WindowsStandalone target not found
[Package Manager] Failed to launch server process. Reason: Unity was launched with the -noUpm command-line argument
[Package Manager] Unable to send message (not connected to server process).
[Package Manager] Cannot connect to Unity Package Manager local server
[Package Manager] Failed to launch server process. Reason: Unity was launched with the -noUpm command-line argument
[Package Manager] Unable to send message (not connected to server process).
[Package Manager] Cannot connect to Unity Package Manager local server
ScheduleIndexationOnStartup MainProcess:False IndexOnStartup:True
Mono: successfully reloaded assembly
- Finished resetting the current domain, in  0.485 seconds
Domain Reload Profiling: 900ms
	BeginReloadAssembly (113ms)
		DisableScriptedObjects (4ms)
		CreateAndSetChildDomain (43ms)
	RebuildCommonClasses (28ms)
	RebuildNativeTypeToScriptingClass (6ms)
	initialDomainReloadingComplete (26ms)
	LoadAllAssembliesAndSetupDomain (242ms)
		LoadAssemblies (140ms)
		AnalyzeDomain (124ms)
			TypeCache.Refresh (5ms)
			BuildScriptInfoCaches (112ms)
			ResolveRequiredComponents (6ms)
	FinalizeReload (485ms)
		SetupLoadedEditorAssemblies (0ms)
			InitializePlatformSupportModulesInManaged (7ms)
			BeforeProcessingInitializeOnLoad (114ms)
			ProcessInitializeOnLoadAttributes (175ms)
			ProcessInitializeOnLoadMethodAttributes (46ms)
		AwakeInstancesAfterBackupRestoration (7ms)
Unloading 24 Unused Serialized files (Serialized files now loaded: 0)
Unloading 6547 unused Assets / (4.1 MB). Loaded Objects now: 7425.
Memory consumption went from 203.4 MB to 199.4 MB.
Total: 6.422990 ms (FindLiveObjects: 0.631933 ms CreateObjectMapping: 0.154792 ms MarkObjects: 4.110442 ms  DeleteObjects: 1.525230 ms)

Prepare: number of updated asset objects reloaded= 0
========================================================================
Received Prepare
Unloading 24 Unused Serialized files (Serialized files now loaded: 0)
Unloading 6536 unused Assets / (7.0 MB). Loaded Objects now: 7425.
Memory consumption went from 203.7 MB to 196.7 MB.
Total: 15.397869 ms (FindLiveObjects: 0.867157 ms CreateObjectMapping: 0.721363 ms MarkObjects: 10.001197 ms  DeleteObjects: 3.806879 ms)

Prepare: number of updated asset objects reloaded= 0
========================================================================
Received Import Request.
  Time since last request: 722.692946 seconds.
  path: Assets/Limb.cs
  importAddress: Guid(7cb5bbee7117868b68afd8f3379ffa55) Importer(2089858483,b0f066a214c2f5e87bad3c948f4d605d)
Start importing Assets/Limb.cs using Guid(7cb5bbee7117868b68afd8f3379ffa55) Importer(2089858483,b0f066a214c2f5e87bad3c948f4d605d) (ScriptedImporter) -> (Import Result ID: 'f57b90e8d861518c4230baa3eeb98a36') in 0.055535069 seconds [static and dynamic dependencies]. Details - ImportResultOutputID=838e271b32629603aa86d7fc43e5b69c DependenciesID=f77657b8a8fd0b976855e3219c555481 StaticDependenciesID=d46a2f2b089f4aa07d089c8fdb28738d 
Number of updated asset objects reloaded before import = 0Number of asset objects unloaded after import = 0

========================================================================
Received Import Request.
  Time since last request: 0.000027 seconds.
  path: Assets/ItemData.cs
  importAddress: Guid(0d8f1b61ce7f5b66f9acd51a9fe38201) Importer(2089858483,b0f066a214c2f5e87bad3c948f4d605d)
Start importing Assets/ItemData.cs using Guid(0d8f1b61ce7f5b66f9acd51a9fe38201) Importer(2089858483,b0f066a214c2f5e87bad3c948f4d605d) (ScriptedImporter) -> (Import Result ID: '121b03c6da985ef61a1b833f3d465146') in 0.002132457 seconds [static and dynamic dependencies]. Details - ImportResultOutputID=6be02c5f8241ccfd2e9311df582648b5 DependenciesID=a8aec9567ad3eef58886636ece377e19 StaticDependenciesID=0bf2a868e0f6eb3bd025ed0d886b14af 
Number of updated asset objects reloaded before import = 0Number of asset objects unloaded after import = 0

========================================================================
Received Import Request.
  Time since last request: 0.000015 seconds.
  path: Assets/PlayerController.cs
  importAddress: Guid(b7c398bef57fc3345af9410e423ad204) Importer(2089858483,b0f066a214c2f5e87bad3c948f4d605d)
Start importing Assets/PlayerController.cs using Guid(b7c398bef57fc3345af9410e423ad204) Importer(2089858483,b0f066a214c2f5e87bad3c948f4d605d) (ScriptedImporter) -> (Import Result ID: 'b11d004b4b892d2fc9b94b1487df8c4a') in 0.002168946 seconds [static and dynamic dependencies]. Details - ImportResultOutputID=b6fb129e2c9924183750fc0727b75bcb DependenciesID=51f88e2b364b18a7625226a0f7bbf596 StaticDependenciesID=08d5f0a9affced784ef52618617e92cb 
Number of updated asset objects reloaded before import = 0Number of asset objects unloaded after import = 0

========================================================================
Received Prepare
Unloading 24 Unused Serialized files (Serialized files now loaded: 0)
Unloading 6537 unused Assets / (5.4 MB). Loaded Objects now: 7426.
Memory consumption went from 203.8 MB to 198.4 MB.
Total: 8.191821 ms (FindLiveObjects: 0.701886 ms CreateObjectMapping: 0.261414 ms MarkObjects: 4.495289 ms  DeleteObjects: 2.732109 ms)

Prepare: number of updated asset objects reloaded= 0
========================================================================
Received Prepare
Begin MonoManager ReloadAssembly
[Licensing::Client] Successfully resolved entitlement details
Assembly Assembly-CSharp-Editor-firstpass.dll at Library/ScriptAssemblies/Assembly-CSharp-Editor-firstpass.dll not valid. Loading of assembly skipped.
Assembly Assembly-CSharp-firstpass.dll at Library/ScriptAssemblies/Assembly-CSharp-firstpass.dll not valid. Loading of assembly skipped.
Assembly DocCodeExamples.dll at Library/ScriptAssemblies/DocCodeExamples.dll not valid. Loading of assembly skipped.
Assembly TestNewCustomAssembly.dll at Library/ScriptAssemblies/TestNewCustomAssembly.dll not valid. Loading of assembly skipped.
Assembly Unity.Collections.BurstCompatibilityGen.dll at Library/ScriptAssemblies/Unity.Collections.BurstCompatibilityGen.dll not valid. Loading of assembly skipped.
Assembly Unity.Collections.DocCodeSamples.dll at Library/ScriptAssemblies/Unity.Collections.DocCodeSamples.dll not valid. Loading of assembly skipped.
Assembly Unity.Collections.PerformanceTests.dll at Library/ScriptAssemblies/Unity.Collections.PerformanceTests.dll not valid. Loading of assembly skipped.
Assembly Unity.Collections.Tests.dll at Library/ScriptAssemblies/Unity.Collections.Tests.dll not valid. Loading of assembly skipped.
Assembly Unity.Collections.Tests.Playmode.dll at Library/ScriptAssemblies/Unity.Collections.Tests.Playmode.dll not valid. Loading of assembly skipped.
Assembly Unity.InputSystem.IntegrationTests.dll at Library/ScriptAssemblies/Unity.InputSystem.IntegrationTests.dll not valid. Loading of assembly skipped.
Assembly Unity.Mathematics.Tests.dll at Library/ScriptAssemblies/Unity.Mathematics.Tests.dll not valid. Loading of assembly skipped.
Assembly Unity.Multiplayer.Center.Editor.Tests.dll at Library/ScriptAssemblies/Unity.Multiplayer.Center.Editor.Tests.dll not valid. Loading of assembly skipped.
Assembly Unity.Multiplayer.Center.Tests.dll at Library/ScriptAssemblies/Unity.Multiplayer.Center.Tests.dll not valid. Loading of assembly skipped.
Assembly Unity.Nuget.Mono-Cecil.dll at Library/ScriptAssemblies/Unity.Nuget.Mono-Cecil.dll not valid. Loading of assembly skipped.
Assembly Unity.PathTracing.Editor.Tests.dll at Library/ScriptAssemblies/Unity.PathTracing.Editor.Tests.dll not valid. Loading of assembly skipped.
Assembly Unity.PathTracing.Runtime.Tests.dll at Library/ScriptAssemblies/Unity.PathTracing.Runtime.Tests.dll not valid. Loading of assembly skipped.
Assembly Unity.RenderPipelines.Core.Editor.Tests.dll at Library/ScriptAssemblies/Unity.RenderPipelines.Core.Editor.Tests.dll not valid. Loading of assembly skipped.
Assembly Unity.RenderPipelines.Core.Runtime.Tests.dll at Library/ScriptAssemblies/Unity.RenderPipelines.Core.Runtime.Tests.dll not valid. Loading of assembly skipped.
Assembly Unity.RenderPipelines.Universal.Config.Editor.Tests.dll at Library/ScriptAssemblies/Unity.RenderPipelines.Universal.Config.Editor.Tests.dll not valid. Loading of assembly skipped.
Assembly Unity.RenderPipelines.Universal.Editor.Tests.dll at Library/ScriptAssemblies/Unity.RenderPipelines.Universal.Editor.Tests.dll not valid. Loading of assembly skipped.
Assembly Unity.RenderPipelines.Universal.Runtime.Tests.dll at Library/ScriptAssemblies/Unity.RenderPipelines.Universal.Runtime.Tests.dll not valid. Loading of assembly skipped.
Assembly Unity.Searcher.EditorTests.dll at Library/ScriptAssemblies/Unity.Searcher.EditorTests.dll not valid. Loading of assembly skipped.
Assembly Unity.ShaderGraph.Editor.Tests.dll at Library/ScriptAssemblies/Unity.ShaderGraph.Editor.Tests.dll not valid. Loading of assembly skipped.
Assembly Unity.Sysroot.EditorTests.dll at Library/ScriptAssemblies/Unity.Sysroot.EditorTests.dll not valid. Loading of assembly skipped.
Assembly Unity.Sysroot.Linux_x86_64.EditorTests.dll at Library/ScriptAssemblies/Unity.Sysroot.Linux_x86_64.EditorTests.dll not valid. Loading of assembly skipped.
Assembly Unity.TextMeshPro.Editor.Tests.dll at Library/ScriptAssemblies/Unity.TextMeshPro.Editor.Tests.dll not valid. Loading of assembly skipped.
Assembly Unity.TextMeshPro.Tests.dll at Library/ScriptAssemblies/Unity.TextMeshPro.Tests.dll not valid. Loading of assembly skipped.
Assembly Unity.Toolchain.Linux-x86_64-Linux.EditorTests.dll at Library/ScriptAssemblies/Unity.Toolchain.Linux-x86_64-Linux.EditorTests.dll not valid. Loading of assembly skipped.
Assembly Unity.UnifiedRayTracing.Editor.Tests.dll at Library/ScriptAssemblies/Unity.UnifiedRayTracing.Editor.Tests.dll not valid. Loading of assembly skipped.
Assembly UnityEditor.UI.Common.Tests.dll at Library/ScriptAssemblies/UnityEditor.UI.Common.Tests.dll not valid. Loading of assembly skipped.
Assembly UnityEditor.UI.EditorTests.dll at Library/ScriptAssemblies/UnityEditor.UI.EditorTests.dll not valid. Loading of assembly skipped.
Assembly UnityEngine.UI.Tests.dll at Library/ScriptAssemblies/UnityEngine.UI.Tests.dll not valid. Loading of assembly skipped.
Native extension for LinuxStandalone target not found
Native extension for WindowsStandalone target not found
[Package Manager] Failed to launch server process. Reason: Unity was launched with the -noUpm command-line argument
[Package Manager] Unable to send message (not connected to server process).
[Package Manager] Cannot connect to Unity Package Manager local server
[Package Manager] Failed to launch server process. Reason: Unity was launched with the -noUpm command-line argument
[Package Manager] Unable to send message (not connected to server process).
[Package Manager] Cannot connect to Unity Package Manager local server
ScheduleIndexationOnStartup MainProcess:False IndexOnStartup:True
Mono: successfully reloaded assembly
- Finished resetting the current domain, in  0.536 seconds
Domain Reload Profiling: 984ms
	BeginReloadAssembly (123ms)
		DisableScriptedObjects (3ms)
		CreateAndSetChildDomain (54ms)
	RebuildCommonClasses (27ms)
	RebuildNativeTypeToScriptingClass (6ms)
	initialDomainReloadingComplete (26ms)
	LoadAllAssembliesAndSetupDomain (265ms)
		LoadAssemblies (162ms)
		AnalyzeDomain (127ms)
			TypeCache.Refresh (7ms)
			BuildScriptInfoCaches (111ms)
			ResolveRequiredComponents (6ms)
	FinalizeReload (536ms)
		SetupLoadedEditorAssemblies (0ms)
			InitializePlatformSupportModulesInManaged (10ms)
			BeforeProcessingInitializeOnLoad (114ms)
			ProcessInitializeOnLoadAttributes (213ms)
			ProcessInitializeOnLoadMethodAttributes (53ms)
		AwakeInstancesAfterBackupRestoration (14ms)
Unloading 24 Unused Serialized files (Serialized files now loaded: 0)
Unloading 6548 unused Assets / (5.8 MB). Loaded Objects now: 7429.
Memory consumption went from 203.7 MB to 197.9 MB.
Total: 11.024930 ms (FindLiveObjects: 0.708378 ms CreateObjectMapping: 0.227650 ms MarkObjects: 7.133852 ms  DeleteObjects: 2.954049 ms)

Prepare: number of updated asset objects reloaded= 0
Editor requested this worker to shutdown with reason: Scaling down because of idle timeout
AssetImportWorker is now disconnected from the server
Process exiting

SDL leaked 2 allocations
Turn on UNITY_SDL_ALLOCATION_TRACKING for detailed information.
Vulkan PSO: data extracted [new size=36, old size=0, incomplete=0]
Vulkan PSO: Saved size[36] path[/tmp/DefaultCompany/My project/vulkan_pso_cache.bin] success=1 headerChanged=1 sizeChanged=1
